ingredient_type,current_stock,predicted_demand,past_usage,menu_item_sales,day_of_week,is_weekend,is_holiday,required_quantity
seafood,79.65,44.85,40.09,63.72,1,0,0,15.4
fruit,5.64,147.18,47.23,10.07,3,0,0,234.78
grain,61.17,11.34,6.04,57.23,6,1,0,0.0
fruit,9.06,127.49,22.21,98.49,0,0,0,137.05
dairy,68.03,95.59,5.6,94.8,5,1,0,43.98
grain,24.1,139.82,32.45,84.99,2,0,0,135.13
grain,18.22,153.52,24.13,28.71,3,0,0,158.74
fruit,19.6,18.59,19.64,44.98,1,0,0,25.24
meat,96.53,125.34,17.42,36.66,4,0,0,63.13
dairy,79.02,125.13,46.68,68.6,3,0,0,116.76
grain,33.09,22.08,18.99,39.27,2,0,0,11.09
dairy,11.96,145.52,39.24,60.51,6,1,0,205.04
dairy,52.27,91.23,6.14,19.71,6,1,0,79.9
grain,90.76,57.37,23.47,78.0,3,0,0,0.0
seafood,28.98,40.63,46.84,82.73,0,0,0,57.8
grain,89.26,112.48,41.33,90.65,6,1,0,83.25
vegetable,22.79,91.15,41.81,87.47,6,1,0,147.29
vegetable,11.99,74.15,47.43,39.09,0,0,0,169.54
fruit,97.18,192.86,16.33,54.75,0,0,0,125.99
seafood,27.86,182.57,15.78,23.04,3,0,0,179.63
fruit,24.21,137.71,39.27,31.39,6,1,0,237.88
fruit,53.58,27.16,42.59,38.87,5,1,0,35.22
dairy,59.09,138.74,5.75,56.09,2,0,0,94.76
vegetable,67.57,149.69,14.41,58.73,1,0,0,82.35
grain,17.5,196.61,28.25,33.47,0,0,0,164.11
dairy,70.04,170.87,43.53,46.41,0,0,0,179.86
dairy,93.56,159.21,35.1,62.26,5,1,0,145.01
dairy,65.2,52.61,37.05,31.35,4,0,0,26.99
seafood,72.09,68.53,29.41,55.79,5,1,0,44.88
dairy,43.44,76.51,34.03,70.2,0,0,0,75.75
spice,49.92,118.68,39.58,13.92,3,0,0,80.37
spice,57.23,196.26,8.39,37.51,6,1,0,145.73
dairy,16.95,115.79,47.13,72.64,5,1,0,213.35
meat,32.26,171.25,11.15,73.8,6,1,0,210.53
seafood,41.98,58.68,32.52,17.34,6,1,0,76.58
fruit,79.58,179.1,20.21,43.8,1,0,0,151.61
seafood,3.59,98.46,29.42,35.79,1,0,0,134.79
spice,52.22,156.3,14.71,66.06,3,0,0,69.19
grain,41.14,142.91,11.23,21.95,1,0,0,114.59
seafood,43.35,151.37,16.29,26.59,5,1,0,155.41
vegetable,68.85,21.06,46.18,49.81,5,1,0,11.2
seafood,43.57,148.71,7.15,60.94,2,0,0,139.24
vegetable,34.19,27.44,9.24,38.03,5,1,0,5.63
spice,47.35,42.91,24.52,45.87,1,0,0,17.39
grain,4.53,81.18,33.16,55.28,0,0,0,114.99
seafood,94.43,174.77,33.64,82.09,3,0,0,139.35
grain,12.85,164.13,41.93,66.33,0,0,1,258.91
spice,84.49,14.42,41.65,35.37,3,0,0,0.0
meat,62.89,176.72,38.08,82.31,0,0,0,223.55
dairy,99.05,88.4,21.74,79.88,6,1,0,17.12
spice,23.86,139.17,38.3,31.44,5,1,0,165.91
fruit,29.76,29.0,7.41,96.27,2,0,0,8.95
seafood,95.68,138.59,26.71,54.37,4,0,0,83.38
spice,75.24,160.4,40.53,18.21,1,0,1,170.6
fruit,54.95,93.89,44.95,41.58,1,0,1,166.86
vegetable,10.11,25.98,36.54,16.55,1,0,0,68.95
meat,8.13,26.12,49.4,43.68,0,0,0,95.4
spice,75.34,81.49,8.76,79.94,5,1,0,14.88
meat,90.64,31.13,27.17,11.02,3,0,0,0.0
seafood,64.92,151.75,31.25,96.6,6,1,0,174.05
vegetable,86.86,52.48,48.35,11.09,4,0,0,26.18
dairy,91.91,58.07,36.29,16.79,6,1,0,14.56
fruit,29.45,199.21,36.36,44.58,6,1,0,301.77
grain,33.57,42.24,34.11,44.94,3,0,0,49.0
grain,36.03,59.39,25.4,12.91,0,0,0,51.22
spice,13.32,24.48,47.32,47.5,4,0,0,52.18
meat,8.27,176.57,29.82,24.84,0,0,0,253.23
dairy,59.41,82.37,48.65,85.79,4,0,0,85.28
vegetable,41.48,61.95,7.54,87.83,0,0,0,33.5
seafood,76.9,189.51,43.23,32.26,5,1,0,217.97
vegetable,95.41,125.17,15.29,70.45,1,0,0,54.69
meat,47.62,167.96,18.85,83.47,3,0,0,158.71
fruit,79.18,122.09,26.6,47.85,4,0,0,74.37
fruit,61.73,196.29,32.36,67.3,6,1,0,264.97
seafood,72.64,114.01,25.29,91.94,5,1,0,77.36
spice,98.0,103.6,19.79,67.01,2,0,0,20.43
vegetable,46.01,121.11,23.01,72.79,3,0,0,121.42
dairy,51.52,194.89,32.09,30.15,4,0,0,185.41
grain,34.76,16.04,29.69,58.1,3,0,0,15.31
spice,32.16,27.54,26.65,71.9,5,1,0,19.21
spice,0.26,174.98,8.8,63.76,3,0,0,126.13
meat,76.0,110.94,37.42,15.61,2,0,0,73.77
seafood,68.72,170.44,38.73,12.74,1,0,0,124.4
vegetable,73.74,44.63,30.38,85.66,5,1,0,10.72
grain,23.32,75.16,26.33,41.96,0,0,0,75.67
meat,55.77,121.44,30.4,44.09,4,0,0,112.02
meat,60.76,56.43,27.42,39.73,0,0,0,32.06
dairy,8.79,163.11,7.5,85.81,2,0,0,163.14
spice,98.24,31.29,22.9,97.25,3,0,0,0.0
fruit,66.86,186.58,30.05,61.45,2,0,0,179.1
spice,18.7,71.5,24.14,55.68,0,0,0,62.89
fruit,58.12,39.33,26.65,57.93,0,0,0,15.61
meat,54.86,114.3,14.08,71.61,3,0,0,101.73
dairy,47.32,125.16,40.74,19.6,4,0,0,143.34
grain,40.85,187.26,49.59,28.45,2,0,0,194.37
spice,13.98,161.1,14.07,24.73,4,0,0,132.95
dairy,66.52,109.38,21.15,88.95,0,0,0,84.35
dairy,62.41,112.56,24.74,61.97,0,0,0,80.49
seafood,53.19,22.66,15.31,58.86,5,1,0,0.0
grain,79.4,127.81,29.01,90.45,3,0,1,125.19
vegetable,31.17,57.21,38.48,13.02,5,1,0,120.22
fruit,82.13,31.02,43.09,21.47,6,1,0,0.86
spice,48.64,87.7,39.73,11.1,2,0,0,50.81
spice,82.68,192.22,20.41,30.46,6,1,0,125.4
fruit,61.5,183.25,11.26,19.07,0,0,0,175.31
spice,70.72,38.98,30.93,64.6,5,1,0,5.18
fruit,93.44,185.86,25.29,20.19,4,0,0,140.7
vegetable,86.99,108.58,31.61,45.91,0,0,0,62.92
meat,80.29,10.88,20.01,45.84,0,0,0,0.0
dairy,73.75,95.92,15.11,50.72,2,0,0,45.73
vegetable,49.84,89.6,46.17,42.62,6,1,0,126.93
vegetable,17.8,192.6,11.69,47.32,3,0,0,194.1
vegetable,29.96,68.89,22.88,48.41,2,0,0,89.5
spice,47.21,117.32,7.96,79.8,6,1,0,68.33
fruit,44.08,86.14,30.18,23.97,0,0,0,87.06
meat,27.07,132.36,23.39,12.28,3,0,0,157.09
seafood,65.89,15.15,14.99,30.8,2,0,0,0.0
spice,17.85,134.02,15.72,18.95,5,1,0,135.29
fruit,83.02,85.46,35.06,28.45,6,1,0,65.13
vegetable,20.79,15.04,13.16,62.47,3,0,0,10.26
vegetable,81.74,74.95,16.67,44.17,6,1,0,17.99
fruit,36.28,173.6,14.88,97.71,3,0,0,188.04
meat,56.58,197.22,26.2,26.39,1,0,0,212.85
spice,40.26,51.42,34.03,47.95,1,0,0,30.18
spice,69.12,139.8,42.02,57.67,1,0,0,88.23
vegetable,49.75,146.84,9.8,22.6,2,0,0,99.35
fruit,73.22,57.64,33.49,54.48,1,0,0,22.09
meat,42.2,77.24,48.14,26.59,4,0,0,97.11
meat,6.82,169.05,24.67,92.4,2,0,0,208.34
seafood,95.41,35.65,26.77,34.29,6,1,0,0.0
dairy,84.15,170.82,47.99,23.92,0,0,0,150.93
dairy,59.83,97.34,8.42,17.0,3,0,0,58.84
fruit,0.53,29.59,19.16,82.67,0,0,0,56.83
seafood,8.67,192.05,39.13,67.51,0,0,0,244.63
fruit,63.72,196.31,45.65,68.2,2,0,1,322.44
seafood,55.58,99.91,19.08,20.85,6,1,0,89.21
meat,42.18,161.11,38.53,14.94,2,0,0,170.36
grain,48.11,178.15,28.86,49.69,6,1,0,202.33
seafood,80.4,112.3,34.77,76.41,0,0,0,63.69
seafood,46.19,198.16,5.01,26.69,1,0,0,167.23
dairy,7.0,11.8,7.37,17.97,5,1,0,20.34
seafood,39.83,27.42,20.14,57.03,0,0,0,12.13
dairy,46.73,66.43,43.38,74.4,4,0,0,60.77
grain,21.83,190.49,40.39,18.05,5,1,1,335.05
seafood,94.47,98.81,32.6,25.03,3,0,0,48.4
fruit,60.77,107.41,15.38,25.89,1,0,0,69.23
meat,77.96,76.52,7.6,97.22,0,0,0,9.81
dairy,39.62,154.07,36.32,23.85,2,0,0,206.64
spice,53.7,122.66,31.1,18.23,0,0,0,73.05
dairy,95.57,173.8,41.43,68.97,4,0,0,110.68
meat,40.85,80.81,16.69,75.11,1,0,0,78.52
dairy,34.78,138.82,30.46,34.03,5,1,0,192.6
grain,85.06,174.79,36.88,85.33,0,0,0,124.41
grain,15.86,177.37,44.23,12.63,6,1,0,235.26
dairy,22.86,182.65,5.05,60.06,4,0,0,177.47
vegetable,11.58,81.57,5.41,83.68,5,1,0,109.87
seafood,54.13,192.97,20.38,66.94,5,1,0,200.5
grain,6.78,67.18,36.87,16.06,1,0,0,98.81
fruit,62.09,18.69,44.22,97.61,4,0,0,11.8
grain,2.46,14.2,19.56,53.98,2,0,0,37.17
seafood,44.59,61.99,49.87,48.36,4,0,0,87.27
dairy,22.08,25.65,35.62,68.91,2,0,0,49.16
fruit,15.11,92.14,47.46,47.78,2,0,1,213.49
dairy,40.93,179.88,15.35,29.18,0,0,0,190.83
grain,56.28,99.59,29.45,24.33,0,0,0,75.8
fruit,53.04,13.39,40.86,36.48,3,0,1,16.6
grain,79.65,101.49,10.28,21.27,3,0,0,26.18
grain,6.42,120.57,17.1,81.78,2,0,1,187.57
vegetable,1.16,23.76,22.66,53.19,6,1,0,79.86
grain,77.99,17.53,26.62,19.44,0,0,0,0.0
fruit,14.25,104.79,32.82,73.22,1,0,0,157.53
fruit,3.32,24.93,22.86,21.94,6,1,0,70.77
meat,80.06,48.03,12.54,19.41,2,0,0,0.0
vegetable,5.2,112.85,36.91,88.39,1,0,0,181.84
grain,33.95,164.82,8.61,90.53,3,0,0,125.8
seafood,52.64,149.0,8.67,15.43,6,1,0,159.6
vegetable,87.18,51.65,48.91,40.32,4,0,0,25.42
meat,2.09,134.12,19.95,58.82,2,0,0,227.27
meat,40.33,51.91,23.83,28.32,6,1,0,65.17
spice,84.62,129.47,38.09,79.1,3,0,0,67.49
vegetable,51.4,121.73,6.32,45.6,3,0,0,84.23
meat,99.21,63.93,21.16,44.55,1,0,0,0.0
seafood,23.58,157.44,23.24,64.17,1,0,0,161.33
fruit,9.74,86.95,31.68,62.15,3,0,0,141.62
fruit,65.21,69.31,22.96,87.22,4,0,0,33.18
spice,23.7,54.59,44.77,49.78,1,0,0,61.28
grain,82.89,91.87,16.19,65.54,0,0,0,22.25
dairy,73.64,136.12,26.36,85.98,3,0,0,83.87
seafood,86.83,49.11,10.04,34.28,1,0,0,0.0
spice,93.39,70.07,27.83,13.74,1,0,0,7.49
meat,96.51,10.94,47.83,67.52,0,0,0,0.0
seafood,66.69,36.53,6.35,37.71,1,0,0,0.0
seafood,16.24,45.79,37.89,24.05,5,1,0,102.85
seafood,97.86,81.12,5.79,31.97,1,0,0,0.0
vegetable,3.04,186.88,36.03,70.89,2,0,0,262.42
vegetable,10.66,134.99,49.97,14.34,0,0,0,222.81
vegetable,87.08,158.65,30.52,76.46,3,0,0,129.75
spice,79.78,92.76,41.8,20.82,5,1,0,56.66
spice,32.46,79.63,22.83,72.59,3,0,0,57.74
dairy,22.73,23.91,32.16,70.14,1,0,0,51.13
vegetable,37.98,174.03,28.36,53.13,4,0,0,156.58
grain,60.79,155.33,41.58,74.63,2,0,0,132.22
spice,19.58,11.44,34.14,90.82,0,0,0,20.18
spice,35.16,29.27,26.86,33.11,3,0,0,17.55
spice,80.3,112.44,19.01,64.93,1,0,0,34.39
grain,18.14,109.78,36.91,19.62,1,0,0,123.11
grain,42.45,26.54,41.71,43.62,4,0,0,31.1
fruit,51.52,122.77,40.72,68.19,1,0,0,139.31
meat,90.0,77.15,15.66,80.25,1,0,0,7.44
vegetable,9.55,128.53,25.33,62.79,6,1,0,232.67
grain,86.28,51.18,9.31,12.13,6,1,0,0.0
vegetable,39.09,122.95,27.35,98.9,2,0,0,113.08
meat,40.43,91.36,37.29,72.32,6,1,0,155.08
fruit,57.84,62.09,8.57,17.71,0,0,0,17.92
vegetable,32.34,53.06,20.97,16.25,0,0,0,47.86
spice,27.11,122.63,35.61,30.77,1,0,0,98.76
fruit,5.23,81.91,21.33,99.59,6,1,0,147.66
grain,96.17,130.64,38.97,25.34,1,0,0,68.14
vegetable,82.18,10.23,18.54,98.31,2,0,0,0.0
fruit,99.25,186.13,29.3,85.78,4,0,0,115.35
fruit,8.91,153.5,10.75,84.35,5,1,0,209.84
vegetable,8.76,188.02,29.92,37.5,3,0,0,208.88
meat,60.06,107.98,46.37,54.73,5,1,0,161.99
vegetable,11.64,165.32,22.13,89.02,5,1,0,194.11
dairy,79.0,67.89,8.64,46.27,1,0,0,0.0
meat,13.25,173.78,46.52,53.84,5,1,0,341.58
fruit,17.48,105.49,22.94,23.17,4,0,0,139.17
seafood,96.31,114.41,48.46,48.92,4,0,0,50.42
grain,43.95,30.08,33.84,29.44,5,1,0,27.17
spice,78.08,97.36,7.62,99.54,4,0,0,16.79
seafood,98.37,55.44,11.4,20.92,5,1,0,0.0
vegetable,50.94,199.37,41.63,65.37,3,0,0,198.09
grain,52.7,90.96,10.88,89.79,5,1,0,62.32
fruit,82.75,149.39,39.62,10.99,1,0,0,98.29
spice,1.92,59.36,39.21,22.34,6,1,0,103.99
spice,97.59,162.29,48.18,53.91,2,0,0,81.53
dairy,45.44,170.43,9.41,53.94,3,0,0,153.58
dairy,37.59,84.95,25.68,80.65,4,0,0,71.92
vegetable,65.87,189.14,41.4,16.88,0,0,0,231.28
meat,38.63,95.52,15.21,90.05,6,1,0,110.13
dairy,10.57,197.77,24.95,14.3,0,0,0,252.92
dairy,1.21,191.74,38.19,41.79,5,1,1,511.77
grain,77.47,135.66,13.33,25.67,4,0,0,61.45
grain,89.89,158.67,15.25,97.84,6,1,0,100.42
vegetable,25.54,59.54,8.12,96.38,6,1,0,71.64
seafood,52.08,127.13,12.05,13.94,0,0,0,105.62
seafood,9.5,81.44,29.75,44.98,1,0,0,102.43
dairy,88.69,132.7,17.87,83.44,6,1,0,86.38
grain,91.89,57.93,38.98,51.45,5,1,0,15.98
dairy,32.01,153.11,17.12,58.56,4,0,0,166.18
spice,68.53,27.46,48.43,53.96,6,1,0,15.99
spice,74.34,126.27,9.77,23.64,5,1,0,67.78
seafood,87.71,92.42,12.24,60.22,0,0,0,18.7
dairy,40.15,162.01,14.18,59.96,5,1,0,201.14
dairy,68.79,81.3,29.24,57.17,1,0,0,42.73
dairy,84.2,99.36,27.59,21.22,6,1,0,58.6
grain,78.04,51.27,11.2,69.67,5,1,0,0.0
grain,40.23,176.11,27.95,75.11,4,0,0,143.74
seafood,70.29,20.03,26.9,63.94,2,0,0,0.0
fruit,14.9,142.13,38.57,98.38,4,0,0,215.91
dairy,44.02,38.02,19.77,49.06,1,0,0,20.04
fruit,64.26,90.04,33.63,80.71,2,0,0,79.17
seafood,83.98,82.93,30.73,62.9,0,0,0,38.4
fruit,27.31,108.43,18.44,94.66,1,0,0,132.62
meat,87.27,169.97,13.37,82.24,1,0,0,129.27
fruit,72.79,104.33,24.66,75.66,5,1,0,99.89
fruit,61.02,35.72,38.81,69.13,3,0,0,25.47
meat,27.19,154.29,25.24,79.9,3,0,0,175.77
grain,3.36,21.9,45.79,22.53,3,0,0,65.02
seafood,2.18,136.12,48.35,60.42,6,1,0,252.32
meat,41.88,59.43,37.89,98.32,1,0,0,69.28
vegetable,46.39,194.68,32.38,41.46,0,0,0,218.44
spice,22.53,57.68,43.28,60.51,0,0,1,86.94
dairy,6.77,144.49,29.46,17.36,5,1,0,203.25
meat,16.58,189.68,43.25,70.21,1,0,0,314.09
grain,6.23,107.38,41.29,51.33,2,0,0,132.09
seafood,87.21,113.52,39.13,77.87,6,1,0,91.81
vegetable,56.02,152.64,30.11,59.73,5,1,0,199.54
grain,53.87,104.58,9.75,69.11,0,0,0,55.45
dairy,20.38,109.43,17.92,81.36,3,0,0,105.91
seafood,64.27,47.21,45.36,56.82,3,0,0,34.97
dairy,36.31,180.47,12.6,55.63,3,0,0,184.46
spice,73.26,165.87,19.09,81.87,5,1,0,107.14
fruit,31.97,197.8,26.84,21.02,5,1,0,290.03
grain,99.71,196.16,34.53,21.68,4,0,0,146.34
meat,20.98,82.02,48.81,40.32,0,0,0,146.74
meat,11.07,154.32,49.46,91.12,3,0,0,240.91
dairy,87.98,109.83,16.0,20.16,1,0,0,33.44
spice,42.01,182.02,38.29,27.21,2,0,0,110.4
spice,80.62,170.31,16.43,12.8,4,0,0,86.11
meat,31.49,10.73,35.68,25.04,3,0,0,25.11
seafood,34.04,174.61,14.7,42.43,4,0,0,170.52
spice,40.83,154.26,45.66,30.95,0,0,0,103.48
vegetable,87.42,10.04,12.61,45.08,5,1,0,0.0
grain,38.16,34.48,23.57,82.21,2,0,0,21.66
vegetable,29.22,183.05,38.93,82.44,3,0,1,344.84
fruit,72.67,67.9,42.32,35.34,6,1,0,63.31
grain,9.65,55.96,5.56,52.19,0,0,0,46.33
spice,29.72,66.98,38.44,14.33,3,0,0,56.29
fruit,89.23,45.21,8.55,31.56,0,0,0,0.0
grain,58.28,199.13,43.51,56.93,4,0,0,172.66
spice,9.39,182.83,35.11,84.64,0,0,0,127.95
seafood,43.04,70.22,24.56,79.65,0,0,0,54.67
spice,63.13,122.42,36.62,31.37,6,1,0,90.61
grain,38.45,102.66,34.35,95.55,1,0,0,103.49
meat,36.19,99.77,7.05,22.6,3,0,0,84.6
vegetable,33.13,101.59,13.82,64.97,4,0,0,102.55
vegetable,0.77,51.62,6.65,19.72,1,0,0,80.02
spice,57.2,107.41,18.21,93.86,0,0,0,54.72
spice,34.52,106.41,44.34,54.42,2,0,0,82.53
dairy,13.15,62.2,22.76,47.96,3,0,0,70.7
spice,30.94,166.52,47.98,83.91,0,0,0,146.51
seafood,71.76,167.62,6.83,88.44,1,0,0,95.39
meat,9.23,123.3,29.73,91.03,3,0,0,140.0
seafood,74.99,88.41,34.07,68.18,2,0,0,55.44
grain,17.18,131.2,38.34,57.7,2,0,0,154.95
meat,1.17,90.19,18.28,53.74,4,0,0,130.81
vegetable,6.74,83.6,43.33,46.35,4,0,0,120.7
spice,86.17,122.15,15.18,44.58,2,0,0,37.43
dairy,58.22,80.52,32.05,73.5,0,0,0,68.97
meat,16.69,91.8,11.42,90.11,0,0,0,109.0
meat,63.69,74.71,8.23,46.87,0,0,0,19.77
spice,53.11,169.93,31.11,60.37,6,1,0,139.63
dairy,53.19,35.8,9.47,28.8,2,0,0,0.0
meat,39.54,69.51,11.62,53.91,1,0,0,56.36
grain,99.49,113.62,8.97,64.62,5,1,0,28.16
spice,97.07,156.97,49.1,53.01,4,0,0,88.48
dairy,35.62,167.09,36.91,25.95,4,0,0,193.79
grain,23.5,167.83,29.52,24.87,6,1,0,253.92
dairy,20.73,158.65,38.06,37.04,5,1,0,227.56
meat,46.14,148.86,11.66,86.73,4,0,0,143.6
spice,45.85,17.22,38.56,59.44,4,0,0,12.93
grain,46.68,16.55,48.63,95.42,1,0,1,42.4
seafood,30.24,103.37,28.51,60.64,6,1,0,138.82
dairy,91.87,78.83,37.66,90.5,2,0,0,35.51
grain,80.66,100.53,49.83,15.35,4,0,0,76.32
vegetable,29.84,55.67,19.04,33.04,4,0,0,57.05
meat,47.68,140.67,37.52,72.33,1,0,0,168.84
spice,35.87,162.84,17.54,28.96,0,0,0,116.15
seafood,14.29,153.15,39.6,69.27,6,1,0,207.42
dairy,61.36,26.83,26.94,16.99,3,0,0,0.0
dairy,63.21,119.64,36.4,10.55,2,0,0,99.35
meat,7.69,105.12,40.75,73.64,3,0,0,192.84
seafood,23.24,63.39,41.16,93.63,5,1,0,130.79
fruit,32.15,100.52,15.17,67.64,4,0,0,91.37
vegetable,12.29,178.85,27.64,50.44,1,0,0,189.31
fruit,7.18,139.7,15.89,74.26,3,0,0,175.48
grain,14.29,157.32,17.21,54.7,5,1,0,158.22
meat,72.17,61.59,23.11,19.25,0,0,0,19.91
meat,46.7,74.67,47.32,17.44,3,0,0,103.29
vegetable,12.99,117.35,43.99,61.46,1,0,0,187.57
grain,67.51,32.04,6.9,60.82,3,0,0,0.0
seafood,0.44,41.72,37.09,69.97,0,0,0,89.07
vegetable,29.81,30.02,40.18,67.97,1,0,0,48.99
fruit,95.68,105.08,24.47,51.19,1,0,0,41.42
spice,82.22,171.57,14.54,69.16,2,0,0,77.2
fruit,21.57,138.78,32.35,36.58,6,1,0,226.21
fruit,19.92,179.14,17.93,43.1,0,0,0,192.06
fruit,51.59,60.84,42.6,11.32,4,0,0,69.75
fruit,41.36,103.64,23.19,57.78,5,1,0,139.34
spice,46.41,193.06,28.36,70.98,3,0,0,115.53
grain,97.6,33.85,5.76,79.31,5,1,0,0.0
spice,26.56,13.33,18.2,79.58,1,0,0,6.61
dairy,66.3,114.19,44.57,70.8,2,0,0,126.87
seafood,78.04,97.02,22.91,37.26,2,0,0,47.17
spice,74.74,100.02,7.6,96.2,0,0,0,25.61
grain,54.45,192.93,8.4,42.91,2,0,0,144.84
vegetable,78.13,119.88,11.61,83.0,3,0,0,62.79
grain,64.28,163.87,47.63,40.36,5,1,0,189.45
meat,69.01,186.82,27.38,30.72,5,1,0,249.6
fruit,52.97,55.96,27.53,71.17,4,0,0,34.45
seafood,4.39,41.49,25.05,28.83,2,0,0,68.45
vegetable,98.12,160.7,43.42,31.78,5,1,0,163.51
dairy,98.11,118.21,16.68,49.33,2,0,0,51.72
fruit,62.23,196.42,13.55,81.33,2,0,0,151.65
meat,96.71,84.63,43.44,79.58,3,0,0,55.67
vegetable,45.82,158.46,48.21,78.72,4,0,0,199.13
meat,80.48,18.75,41.36,26.01,6,1,0,0.0
dairy,25.38,56.7,23.12,90.52,4,0,0,57.32
dairy,95.48,103.99,28.07,53.34,2,0,0,37.36
spice,3.26,20.96,25.0,34.8,0,0,0,34.75
dairy,41.56,170.98,45.6,88.96,3,0,0,162.81
meat,83.98,152.84,15.29,96.07,5,1,0,115.09
dairy,42.75,72.0,42.78,22.94,6,1,0,131.83
seafood,84.58,86.18,39.34,84.08,3,0,0,50.8
vegetable,29.57,122.82,6.48,67.24,2,0,0,96.4
seafood,87.95,97.4,9.28,84.41,6,1,0,29.53
meat,82.48,107.98,25.85,14.09,3,0,0,72.84
spice,39.18,113.87,28.94,63.14,3,0,0,70.99
spice,43.75,177.72,7.34,27.2,3,0,0,89.72
seafood,64.06,89.03,39.16,64.87,5,1,0,101.62
fruit,12.54,74.02,49.98,46.52,5,1,0,183.76
spice,14.96,82.33,23.65,77.84,2,0,0,55.31
meat,48.19,78.72,47.71,66.89,2,0,0,106.76
fruit,78.07,144.61,12.74,97.52,6,1,0,129.68
dairy,80.35,33.19,10.63,86.54,0,0,0,0.0
dairy,5.19,37.01,14.6,69.86,4,0,0,57.3
seafood,43.53,114.37,19.04,53.43,3,0,0,102.47
grain,38.44,14.79,42.75,11.03,1,0,0,25.03
fruit,54.64,193.74,7.33,55.43,2,0,0,210.23
spice,96.15,145.74,47.86,30.41,2,0,0,71.33
seafood,31.65,165.12,27.57,16.38,5,1,0,197.83
dairy,85.07,196.56,33.26,32.28,3,0,0,158.11
spice,35.3,128.05,20.03,75.94,5,1,0,103.73
dairy,35.59,25.94,20.01,70.98,2,0,0,15.9
spice,78.49,149.36,10.23,80.29,5,1,0,74.51
grain,27.79,62.5,24.44,98.23,1,0,0,59.88
vegetable,73.79,143.87,24.02,41.19,3,0,0,109.22
dairy,20.53,101.78,17.08,35.87,1,0,0,109.88
dairy,7.56,190.77,18.38,18.29,3,0,0,192.54
dairy,64.85,60.81,5.68,96.85,6,1,0,4.52
fruit,31.29,61.51,31.9,87.95,0,0,0,71.13
vegetable,15.48,189.5,38.14,89.47,2,0,0,206.84
spice,40.82,12.93,31.23,32.78,3,0,0,7.67
meat,39.9,169.56,13.48,70.52,5,1,0,226.97
dairy,89.01,26.02,41.32,87.52,3,0,0,0.0
vegetable,43.84,199.29,15.31,59.22,0,0,0,181.59
vegetable,81.84,19.5,46.02,12.66,0,0,0,0.0
spice,7.71,183.12,20.97,48.23,5,1,0,171.93
seafood,83.85,162.97,42.03,93.94,4,0,0,132.66
dairy,61.68,151.15,38.21,56.93,2,0,0,122.53
dairy,53.83,61.08,21.58,90.58,0,0,0,33.62
dairy,45.43,129.75,16.18,73.49,1,0,0,96.35
seafood,6.4,166.7,18.16,49.95,0,0,0,184.16
fruit,50.26,20.67,27.1,93.44,6,1,0,4.5
spice,16.05,23.39,13.35,69.78,6,1,0,20.93
seafood,68.51,30.98,18.01,37.88,3,0,0,0.0
spice,35.38,167.43,40.52,37.7,6,1,1,255.33
grain,63.22,80.97,17.22,30.86,0,0,0,38.25
dairy,34.89,109.1,40.75,89.59,3,0,0,101.61
dairy,41.45,12.52,18.32,51.33,6,1,0,0.0
seafood,42.96,150.72,43.83,57.87,3,0,0,172.29
fruit,54.14,75.59,23.64,75.92,2,0,0,50.53
grain,11.84,50.26,19.0,25.02,6,1,0,69.56
dairy,33.57,152.38,30.74,98.76,0,0,0,185.42
meat,41.19,153.18,14.17,39.48,4,0,0,118.72
meat,2.21,189.57,36.35,54.61,4,0,0,289.19
seafood,11.43,155.31,35.55,79.57,6,1,0,222.96
vegetable,61.13,172.89,35.3,46.73,4,0,0,150.94
vegetable,73.13,142.48,38.87,51.85,5,1,0,179.77
dairy,12.74,64.25,28.92,55.95,2,0,0,89.71
spice,40.97,133.08,5.7,35.28,1,0,0,76.35
fruit,47.93,44.53,38.44,86.31,3,0,0,46.09
spice,98.92,53.99,47.41,13.86,2,0,0,7.82
fruit,72.92,125.6,36.8,43.7,3,0,0,120.25
dairy,37.92,167.96,42.9,43.59,6,1,0,271.76
spice,10.37,19.24,31.15,48.35,1,0,0,34.81
meat,75.85,12.78,14.33,74.19,2,0,0,0.0
vegetable,34.7,84.24,12.14,33.24,6,1,0,98.88
spice,54.16,154.07,18.81,47.35,2,0,0,88.4
dairy,18.54,123.96,43.77,88.18,1,0,0,150.78
meat,45.08,192.11,24.4,59.44,0,0,0,243.72
fruit,74.82,52.76,28.79,84.33,4,0,0,14.37
fruit,6.31,157.59,41.97,51.54,6,1,0,248.93
grain,77.37,152.09,11.78,29.55,4,0,0,82.77
fruit,66.68,71.38,45.41,89.93,6,1,0,71.38
spice,82.54,170.53,16.21,61.9,5,1,0,105.16
meat,0.57,98.51,30.7,37.36,4,0,0,171.64
grain,89.17,171.34,23.27,11.23,3,0,0,105.25
grain,3.89,169.05,32.88,60.71,4,0,0,208.62
meat,39.06,23.17,33.72,75.97,1,0,0,25.5
dairy,86.84,82.03,21.72,65.67,6,1,0,27.41
dairy,44.31,103.89,43.75,51.51,5,1,0,151.98
meat,36.24,174.09,9.95,93.25,3,0,0,168.01
vegetable,64.43,195.11,8.14,59.92,0,0,0,135.86
grain,4.23,120.15,25.38,95.39,1,0,0,136.65
vegetable,60.97,142.93,42.72,82.25,5,1,0,198.86
spice,15.37,118.8,17.47,92.92,1,0,0,88.24
grain,35.49,19.88,6.43,48.1,5,1,0,0.0
fruit,65.9,50.13,43.83,89.75,2,0,0,43.09
seafood,12.52,48.11,14.73,72.21,6,1,1,116.24
fruit,12.79,76.03,24.59,45.64,0,0,0,100.79
fruit,30.61,114.86,40.52,47.46,1,0,0,120.88
meat,7.48,93.31,28.84,98.68,0,0,1,211.78
grain,27.84,161.68,19.68,36.94,5,1,0,175.96
grain,67.4,21.89,14.47,82.81,6,1,0,0.0
fruit,86.47,39.44,8.72,53.61,6,1,0,0.0
fruit,78.06,67.69,19.03,10.28,3,0,0,14.21
vegetable,44.17,197.0,22.81,74.37,4,0,0,232.69
meat,66.72,157.64,43.8,38.25,6,1,0,216.63
spice,98.95,179.01,21.72,27.56,1,0,0,79.83
fruit,83.82,78.67,43.69,46.61,6,1,0,80.83
dairy,76.24,33.94,13.84,95.63,4,0,0,0.0
fruit,64.47,53.67,29.87,43.5,2,0,0,32.3
fruit,85.47,41.41,43.44,54.17,5,1,0,11.97
seafood,57.13,37.17,21.85,81.8,2,0,0,6.15
grain,55.68,170.57,40.82,25.76,0,0,0,149.48
grain,24.97,60.02,5.03,88.36,1,0,0,30.81
grain,75.03,38.89,25.62,41.61,0,0,0,0.0
dairy,23.81,182.6,26.06,51.97,0,0,0,211.04
seafood,48.73,91.7,31.86,99.96,1,0,0,78.08
spice,76.29,18.64,34.1,30.41,6,1,0,0.0
meat,77.36,33.45,33.18,35.06,0,0,0,0.0
dairy,75.37,50.95,20.12,51.91,4,0,0,0.0
vegetable,18.91,185.25,36.3,64.97,1,0,0,218.53
vegetable,21.08,115.73,43.54,85.16,5,1,0,217.6
fruit,1.92,167.1,28.61,79.77,2,0,0,197.6
meat,66.79,187.31,16.95,65.03,2,0,0,148.2
grain,84.81,189.96,44.82,76.52,1,0,0,135.03
meat,71.6,144.19,33.02,99.11,1,0,0,107.42
fruit,7.89,94.13,16.75,40.9,0,0,0,111.49
grain,19.85,41.33,15.8,73.91,6,1,0,41.85
fruit,44.88,183.51,13.52,10.45,5,1,0,239.72
meat,17.72,65.91,10.17,94.74,0,0,0,78.38
grain,86.5,57.4,37.27,87.05,1,0,0,13.68
seafood,10.71,93.61,37.84,94.62,4,0,0,135.93
vegetable,82.25,42.94,26.86,20.52,4,0,0,0.0
fruit,63.22,120.88,22.56,41.96,2,0,0,78.06
seafood,1.52,120.47,9.76,88.57,6,1,0,193.52
grain,1.08,167.04,41.04,19.4,4,0,0,154.0
spice,11.87,196.31,14.66,16.05,1,0,0,142.44
grain,22.31,175.89,40.53,77.33,4,0,0,178.13
grain,98.36,59.34,48.64,48.81,6,1,0,19.23
spice,61.4,58.04,30.99,42.33,4,0,0,23.99
fruit,47.74,76.66,21.32,82.51,0,0,0,61.64
fruit,91.29,117.48,13.22,22.56,6,1,0,58.39
dairy,78.15,62.39,14.19,11.51,4,0,0,1.38
meat,93.71,69.24,16.24,68.87,1,0,1,0.0
vegetable,92.81,170.52,15.08,31.52,6,1,0,139.47
vegetable,64.82,53.98,35.66,94.62,3,0,0,36.86
spice,43.82,180.86,48.3,49.97,3,0,0,152.3
seafood,39.53,44.54,12.06,84.46,5,1,0,28.58
meat,16.82,177.07,30.07,30.82,6,1,0,313.18
vegetable,28.57,27.36,19.17,13.87,4,0,0,25.63
grain,44.39,179.78,34.61,10.73,1,0,0,163.28
fruit,25.12,170.4,26.78,56.27,4,0,0,187.9
fruit,32.52,17.46,17.24,10.57,0,0,0,5.5
dairy,34.58,137.51,41.24,95.21,3,0,0,148.21
seafood,26.59,198.16,6.16,64.32,6,1,0,191.48
vegetable,18.12,128.32,15.02,37.65,6,1,0,171.91
grain,13.05,117.43,24.9,81.75,1,0,0,110.68
vegetable,5.24,40.33,20.1,16.91,2,0,0,63.67
spice,94.83,67.87,16.9,35.19,1,0,0,0.0
dairy,42.0,11.84,43.61,75.8,5,1,0,29.94
dairy,30.64,17.65,31.48,45.79,6,1,0,34.02
seafood,27.15,181.81,21.86,59.49,3,0,0,167.95
fruit,16.33,52.14,19.29,33.34,4,0,0,55.5
seafood,21.11,152.97,7.31,54.33,4,0,0,152.68
seafood,39.46,110.69,12.26,61.48,4,0,0,84.47
fruit,34.66,87.47,10.65,25.42,5,1,0,92.2
spice,33.75,162.54,16.09,97.84,3,0,0,100.43
seafood,11.11,133.14,44.38,81.15,3,0,0,185.98
grain,10.56,18.61,34.54,58.16,5,1,0,55.72
meat,44.45,105.88,10.28,25.22,6,1,0,112.69
vegetable,50.71,131.2,49.33,79.12,2,0,0,125.45
vegetable,50.07,132.52,6.06,48.67,0,0,0,90.95
spice,77.95,13.08,41.83,13.61,0,0,0,0.0
spice,76.54,58.08,43.95,19.26,1,0,0,21.34
meat,67.38,170.91,19.59,70.88,0,0,0,162.87
vegetable,62.53,151.94,14.84,15.39,4,0,0,117.29
grain,70.14,31.55,49.86,26.51,0,0,0,18.32
vegetable,62.27,163.28,42.89,53.44,1,0,0,133.75
grain,72.43,103.59,33.5,82.5,1,0,0,65.42
spice,2.47,78.92,29.6,85.58,5,1,0,111.46
meat,40.66,37.22,37.16,36.4,5,1,0,69.82
grain,94.59,66.21,5.05,34.48,2,0,0,0.0
spice,63.37,122.76,5.73,75.59,0,0,0,37.25
seafood,9.44,167.99,46.33,68.48,4,0,0,229.32
seafood,72.89,158.17,10.32,10.0,6,1,0,112.33
fruit,54.03,171.72,48.09,60.92,0,0,0,196.38
seafood,54.89,82.2,32.32,44.99,0,0,0,58.61
dairy,82.97,195.59,23.21,17.89,2,0,0,146.58
dairy,81.25,72.12,18.76,46.24,4,0,0,16.38
vegetable,63.24,34.38,31.03,72.41,4,0,0,9.94
seafood,87.29,104.99,37.86,65.73,4,0,0,58.38
seafood,61.71,171.49,13.83,21.3,1,0,0,139.63
dairy,47.85,121.26,29.36,17.74,2,0,0,113.8
seafood,23.37,131.18,41.9,13.74,2,0,0,165.06
fruit,25.23,68.48,32.61,90.81,2,0,0,99.78
grain,35.86,183.15,5.94,38.42,0,0,1,224.09
spice,70.21,72.96,35.4,45.63,0,0,0,28.56
vegetable,25.09,32.88,31.3,97.24,1,0,0,42.66
spice,33.93,106.13,12.29,69.23,0,0,0,60.03
vegetable,41.48,83.58,34.69,49.78,3,0,0,101.86
seafood,41.5,148.79,11.09,27.79,1,0,0,138.11
fruit,86.82,66.5,12.31,70.81,3,0,0,0.0
dairy,69.82,50.83,6.89,42.73,4,0,0,0.0
meat,53.0,138.89,31.67,23.35,3,0,0,140.3
dairy,15.14,92.23,31.81,17.26,5,1,0,176.23
fruit,31.5,160.37,46.21,42.38,1,0,0,209.18
seafood,67.85,71.39,49.45,39.31,5,1,0,80.91
spice,42.27,199.17,5.47,90.56,1,0,0,108.79
fruit,61.79,74.95,44.32,11.16,4,0,0,71.71
grain,2.41,32.13,10.72,27.04,1,0,0,34.22
spice,90.55,168.72,13.86,49.7,2,0,0,73.93
fruit,21.82,187.72,25.98,50.08,4,0,0,204.66
seafood,54.11,124.97,14.92,66.31,0,0,0,92.62
spice,76.37,109.45,15.2,69.99,6,1,0,48.7
dairy,16.34,45.05,14.1,44.8,5,1,0,60.15
meat,14.53,106.08,7.79,16.4,6,1,0,166.46
dairy,87.8,116.0,48.19,14.38,6,1,0,86.31
meat,94.6,170.01,18.35,16.95,3,0,1,199.08
grain,12.33,108.53,16.06,42.23,2,0,0,114.01
seafood,67.04,131.95,23.49,54.07,3,0,0,81.87
grain,17.71,28.7,48.05,63.94,6,1,0,77.7
fruit,61.75,49.48,31.45,20.11,6,1,0,35.63
seafood,43.71,129.27,34.14,85.94,6,1,0,165.23
grain,48.99,129.84,38.29,65.1,5,1,0,149.11
grain,73.09,89.8,31.03,84.94,2,0,0,50.04
fruit,40.27,108.73,49.84,22.17,2,0,0,152.16
fruit,1.11,148.73,30.73,49.06,4,0,1,286.72
seafood,48.38,89.49,21.1,63.44,6,1,0,76.23
spice,47.17,115.16,30.66,28.91,2,0,0,72.0
grain,69.93,72.81,38.51,47.12,4,0,0,36.8
spice,48.82,35.3,16.76,47.72,0,0,0,4.36
vegetable,49.62,64.27,38.06,12.16,5,1,0,77.85
dairy,17.44,99.61,9.11,66.31,0,0,0,94.22
vegetable,19.63,14.29,43.77,61.94,0,0,0,49.04
spice,81.02,91.64,38.74,92.17,0,0,0,38.45
seafood,38.47,92.84,31.73,63.07,5,1,0,115.33
dairy,8.78,42.65,28.31,29.26,3,0,0,80.01
grain,64.94,137.09,40.94,93.95,6,1,0,118.62
grain,70.7,135.89,41.35,89.73,4,0,0,110.03
seafood,23.11,180.5,16.53,29.86,4,0,0,170.78
grain,50.01,138.23,15.76,78.22,3,0,0,101.0
seafood,97.66,132.66,47.05,37.3,2,0,0,93.29
seafood,69.17,193.47,22.71,21.76,1,0,1,271.13
seafood,50.45,69.32,24.24,68.07,4,0,0,42.93
dairy,0.68,109.45,46.47,83.09,0,0,0,180.04
seafood,14.32,134.97,33.87,12.3,0,0,0,165.6
seafood,26.74,164.35,8.71,64.0,2,0,0,159.65
dairy,78.51,62.0,46.03,18.78,5,1,0,50.59
vegetable,5.38,137.18,15.41,31.92,5,1,0,222.94
fruit,44.54,26.01,35.72,31.21,2,0,0,27.6
grain,28.94,158.81,41.15,98.79,4,0,0,142.88
dairy,63.84,68.36,43.69,96.35,5,1,0,84.11
seafood,16.83,168.92,29.7,27.03,3,0,0,183.43
spice,98.12,187.17,47.02,46.2,5,1,0,106.77
spice,92.22,36.98,18.69,22.53,1,0,0,0.0
grain,23.31,142.09,33.33,87.71,1,0,0,145.58
spice,13.93,12.04,29.49,97.82,5,1,0,26.56
meat,44.07,177.18,27.75,55.7,5,1,0,262.41
dairy,25.0,23.94,34.84,63.58,4,0,0,48.1
spice,82.03,133.26,23.85,51.22,1,0,0,53.95
grain,51.29,70.96,31.82,99.62,4,0,0,47.93
meat,21.96,10.04,46.18,85.95,5,1,0,85.81
spice,12.04,22.84,37.58,93.59,0,0,0,34.97
dairy,37.48,128.05,37.34,19.95,3,0,0,130.86
fruit,23.27,20.23,13.54,13.51,4,0,0,16.94
dairy,67.56,106.69,43.77,87.94,2,0,0,93.03
meat,46.07,197.88,26.75,98.82,5,1,0,293.36
grain,86.29,60.74,29.06,87.29,6,1,0,10.93
dairy,12.19,13.47,45.69,16.18,0,0,1,89.39
seafood,18.71,115.55,18.11,47.57,5,1,0,136.94
dairy,90.53,103.66,19.86,19.61,6,1,0,56.13
seafood,78.32,33.27,33.57,21.15,3,0,0,0.0
meat,19.01,166.04,29.51,17.01,2,0,0,204.98
dairy,85.39,12.51,28.03,79.25,1,0,0,0.0
vegetable,81.96,178.76,13.96,35.58,6,1,0,197.07
meat,16.76,68.96,27.65,81.68,0,0,0,89.51
fruit,11.82,86.28,40.69,29.85,0,0,0,133.8
seafood,69.96,172.06,10.21,73.54,1,0,0,119.06
vegetable,50.81,127.85,26.5,53.03,2,0,0,115.16
vegetable,53.11,151.69,42.17,72.69,2,0,0,158.66
vegetable,56.19,137.57,46.68,65.73,1,0,0,144.44
vegetable,42.6,193.87,34.6,60.8,3,0,0,237.13
vegetable,52.61,154.27,37.07,27.38,2,0,0,155.49
seafood,41.24,23.73,30.91,86.83,0,0,0,21.16
dairy,8.71,48.41,29.55,28.64,0,0,0,70.54
vegetable,34.28,31.18,30.67,62.34,1,0,0,36.9
spice,44.38,63.65,8.64,88.9,1,0,0,20.24
vegetable,89.02,31.83,5.17,55.18,6,1,0,0.0
vegetable,31.4,104.85,14.75,88.54,1,0,0,81.77
grain,62.42,167.58,13.57,92.55,2,0,0,99.56
vegetable,43.09,69.32,37.63,81.67,1,0,0,89.47
spice,74.48,94.73,5.9,15.63,1,0,0,20.49
seafood,35.7,130.6,13.39,77.44,2,0,0,106.52
vegetable,48.26,51.05,48.53,74.36,2,0,0,84.06
grain,47.51,180.61,28.63,73.66,5,1,0,190.78
grain,5.38,14.2,21.11,40.03,0,0,0,29.7
grain,73.82,172.82,47.24,54.31,1,0,0,115.96
grain,64.85,23.0,45.38,20.74,3,0,0,10.52
fruit,59.73,84.79,26.3,86.91,5,1,0,92.11
seafood,43.03,41.44,36.8,58.18,6,1,0,49.27
fruit,21.17,17.88,19.49,60.38,1,0,0,23.41
fruit,69.62,46.65,9.17,57.9,1,0,0,0.0
vegetable,79.19,164.2,26.7,15.16,1,0,0,147.53
grain,58.27,33.58,10.46,74.9,5,1,0,0.0
dairy,48.72,14.71,16.2,46.71,1,0,0,0.0
grain,25.75,157.14,22.35,55.6,5,1,0,186.78
fruit,55.82,75.93,46.98,93.04,6,1,0,117.75
spice,47.48,73.9,46.42,11.08,0,0,0,60.43
fruit,48.5,26.23,48.76,56.62,4,0,0,33.77
meat,7.49,30.17,42.69,31.58,2,0,0,65.31
vegetable,76.87,21.77,30.96,20.73,1,0,0,0.0
seafood,4.52,93.2,42.98,33.62,0,0,0,123.14
grain,44.91,119.75,30.69,39.92,4,0,0,95.44
vegetable,96.63,194.31,43.93,64.07,0,0,0,142.09
dairy,68.52,65.11,14.07,33.87,0,0,0,12.8
meat,91.28,125.97,29.59,32.48,4,0,0,82.56
dairy,10.24,152.84,45.78,76.91,1,0,0,192.1
spice,39.41,171.68,20.56,13.17,5,1,0,145.41
seafood,87.98,133.25,45.47,66.12,4,0,0,99.0
seafood,76.04,138.52,18.54,26.56,4,0,0,94.99
grain,22.58,127.16,6.82,39.36,4,0,0,98.54
spice,98.58,169.34,41.39,38.61,3,0,0,81.24
spice,30.18,17.11,27.74,46.27,3,0,0,13.9
fruit,18.69,94.6,26.97,83.18,2,0,0,121.02
grain,62.85,50.88,33.24,93.13,2,0,0,26.75
spice,39.91,56.03,14.16,95.91,6,1,0,32.57
grain,97.66,81.67,41.08,49.11,4,0,0,30.86
vegetable,32.62,153.68,22.72,64.74,4,0,0,190.32
grain,22.83,21.11,18.5,52.69,6,1,0,24.48
fruit,15.17,123.58,34.91,47.74,0,0,0,182.8
grain,50.46,11.4,36.13,69.52,6,1,0,4.6
dairy,50.19,182.89,37.28,62.39,6,1,0,268.55
dairy,45.69,100.27,22.37,97.0,5,1,0,100.58
spice,41.72,176.77,14.18,84.38,4,0,0,104.55
seafood,97.18,107.4,18.09,52.25,4,0,0,28.24
grain,29.79,158.21,26.22,30.47,3,0,0,149.78
dairy,93.99,75.18,49.47,53.67,4,0,0,35.63
dairy,98.37,19.53,9.35,74.84,6,1,0,0.0
fruit,3.94,14.15,39.85,22.1,6,1,0,82.4
dairy,78.35,12.0,39.29,90.4,4,0,0,0.0
grain,47.7,83.95,44.93,90.45,1,0,0,89.05
spice,14.28,120.17,17.71,35.11,0,0,1,135.07
dairy,82.06,84.53,25.14,75.7,4,0,0,31.33
spice,86.97,99.72,37.08,45.36,4,0,0,35.56
seafood,79.42,128.79,47.19,71.17,5,1,0,138.43
vegetable,2.4,111.49,35.98,77.38,4,0,1,265.24
spice,95.58,54.98,44.72,18.73,3,0,1,13.7
spice,22.73,113.32,36.27,56.37,0,0,0,104.95
meat,37.1,156.71,12.67,44.61,6,1,0,214.04
dairy,34.21,163.9,15.72,30.19,0,0,0,123.23
dairy,0.91,133.18,28.0,50.1,5,1,0,248.42
vegetable,56.92,174.92,31.24,74.62,6,1,0,251.32
grain,45.79,84.95,44.02,31.96,6,1,0,116.26
fruit,89.56,193.66,24.95,38.89,2,0,0,190.16
seafood,27.35,149.93,7.32,14.44,0,0,0,130.1
spice,71.12,11.29,39.37,56.27,1,0,0,0.0
fruit,64.1,159.4,23.23,10.24,2,0,0,139.05
fruit,49.21,197.43,17.52,45.59,6,1,0,227.27
meat,41.74,68.84,47.2,70.94,2,0,0,94.8
seafood,25.4,176.76,9.03,74.38,3,0,0,144.03
spice,72.24,11.4,27.91,22.54,5,1,1,0.0
grain,43.22,27.38,38.6,11.13,5,1,0,32.47
vegetable,6.09,143.3,5.44,46.83,3,0,0,155.5
dairy,81.16,65.84,25.08,75.43,3,0,0,17.2
spice,22.52,135.84,32.44,92.36,0,0,0,125.91
dairy,47.44,73.42,31.07,90.01,1,0,0,54.46
meat,44.46,15.15,25.22,36.68,5,1,0,1.17
meat,44.62,115.26,18.41,50.96,5,1,0,145.34
dairy,62.11,67.34,45.49,66.56,6,1,0,83.91
grain,26.56,163.29,16.33,84.14,5,1,0,204.77
fruit,49.92,66.34,16.93,48.88,3,0,0,30.83
dairy,91.07,92.78,10.81,76.81,4,0,0,18.56
meat,62.15,51.77,25.02,90.95,2,0,0,23.92
seafood,45.39,106.33,30.75,93.91,5,1,0,134.63
dairy,43.68,98.16,40.51,64.26,2,0,0,119.94
spice,40.79,76.08,5.97,18.26,6,1,0,42.28
vegetable,51.42,112.45,16.48,79.11,2,0,0,87.85
meat,6.42,122.61,42.13,87.25,1,0,0,192.39
spice,94.69,62.28,22.91,93.83,6,1,1,0.0
fruit,81.69,152.41,36.48,37.62,1,0,0,98.01
fruit,66.69,29.48,5.54,22.57,6,1,0,0.0
spice,86.94,150.0,27.55,61.55,5,1,0,67.96
dairy,35.19,94.77,35.22,40.05,2,0,0,133.29
meat,34.24,113.83,9.11,78.1,4,0,0,112.18
grain,18.82,45.01,7.57,62.9,4,0,0,32.04
fruit,99.83,112.86,17.78,99.53,4,0,0,35.56
dairy,26.04,169.3,37.2,71.82,1,0,0,180.14
fruit,30.58,154.26,32.89,16.97,1,0,0,173.3
fruit,32.86,124.43,19.5,79.92,1,0,0,134.54
grain,64.04,69.69,48.11,13.01,5,1,0,77.49
dairy,71.22,43.42,15.59,54.49,1,0,0,0.0
dairy,23.29,39.78,35.75,63.43,6,1,0,74.88
grain,44.8,87.04,49.28,36.3,6,1,0,98.86
vegetable,89.58,29.66,34.55,91.63,6,1,0,0.0
grain,45.29,189.69,35.46,37.14,2,0,0,165.26
vegetable,10.72,90.46,25.36,76.03,4,0,0,110.12
grain,8.68,55.0,12.42,21.22,1,0,0,61.61
seafood,1.77,29.53,12.75,48.79,3,0,0,47.98
vegetable,42.48,74.93,13.25,10.62,5,1,1,111.43
dairy,22.36,172.85,41.77,50.35,4,0,0,197.21
seafood,7.83,118.95,9.43,50.43,2,0,0,126.97
vegetable,47.41,176.38,17.21,10.33,1,0,0,174.21
seafood,31.57,160.36,35.63,36.96,1,0,0,162.31
fruit,97.98,175.03,12.83,14.16,1,0,0,108.35
seafood,17.74,11.34,41.25,16.91,6,1,0,64.17
fruit,98.85,75.42,7.78,76.09,2,0,0,0.0
grain,78.17,48.71,16.73,18.33,1,0,1,0.0
spice,90.61,36.17,7.45,11.67,5,1,0,0.0
seafood,58.08,186.47,27.35,85.87,1,0,0,163.91
seafood,36.12,131.09,8.18,42.54,6,1,0,136.74
dairy,47.45,165.05,24.44,81.68,1,0,0,163.41
dairy,63.0,89.3,11.49,18.42,5,1,0,59.45
spice,23.65,50.19,38.12,38.8,1,0,0,49.26
seafood,1.91,141.06,47.55,66.89,2,0,0,216.54
meat,0.75,90.31,37.31,49.84,2,0,0,160.55
grain,35.17,93.63,8.12,62.04,4,0,0,62.42
spice,2.92,112.84,7.38,73.1,4,0,0,66.37
fruit,29.1,175.1,45.7,10.07,1,0,0,158.35
grain,19.23,98.15,16.06,92.34,5,1,0,123.45
fruit,54.29,34.58,21.91,18.92,4,0,0,7.22
meat,77.8,51.89,12.41,46.57,4,0,0,0.0
dairy,66.64,64.23,31.36,19.85,6,1,0,47.69
grain,64.8,56.64,37.29,79.91,2,0,0,30.04
vegetable,33.09,57.17,49.46,45.05,3,0,1,135.03
meat,21.21,55.41,17.66,47.0,1,0,0,61.15
dairy,33.85,11.35,35.61,84.29,1,0,1,31.0
meat,79.01,127.1,7.02,66.03,1,0,0,61.29
vegetable,40.04,189.96,23.29,79.47,3,0,0,202.03
vegetable,90.78,26.61,47.14,84.3,3,0,0,0.0
spice,28.92,190.93,7.24,23.49,6,1,0,156.03
fruit,39.97,196.74,29.14,55.24,0,0,0,226.17
seafood,59.94,74.92,47.9,91.29,3,0,0,73.27
fruit,66.73,33.86,39.45,28.92,0,0,0,14.25
spice,21.3,125.48,8.77,67.88,5,1,0,109.32
fruit,26.62,15.96,10.38,66.01,3,0,0,2.27
meat,66.93,164.85,16.73,36.72,1,0,0,137.57
fruit,91.75,155.27,8.56,50.28,1,0,0,84.71
meat,69.68,28.36,17.34,38.81,1,0,0,0.0
vegetable,38.51,89.4,7.0,36.02,2,0,0,71.93
fruit,58.13,25.0,13.63,52.71,2,0,1,0.0
fruit,52.93,121.04,40.86,40.69,1,0,0,132.45
meat,58.79,187.56,37.67,92.6,5,1,0,279.32
spice,52.78,115.91,49.02,79.59,2,0,0,84.1
seafood,21.05,141.02,44.48,36.13,5,1,0,196.87
vegetable,67.24,72.46,17.52,26.6,5,1,0,34.76
grain,66.4,55.14,27.02,35.75,6,1,0,26.36
fruit,91.71,120.85,25.82,83.65,1,0,0,74.87
dairy,90.59,34.06,13.03,54.37,1,0,0,0.0
spice,58.33,149.6,19.47,13.12,5,1,0,114.82
grain,72.86,110.33,14.09,19.91,2,0,1,82.83
seafood,86.53,124.54,37.74,20.36,6,1,0,122.92
meat,19.5,69.56,32.93,67.45,5,1,0,130.6
seafood,84.95,111.24,26.21,98.3,4,0,0,55.74
fruit,48.74,128.77,47.58,62.18,3,0,0,154.17
seafood,6.29,45.6,6.46,76.9,2,0,1,70.0
grain,30.12,57.31,21.75,32.92,5,1,0,75.44
vegetable,98.66,20.63,11.4,14.75,2,0,0,0.0
fruit,52.7,116.7,12.69,27.79,1,0,0,83.64
spice,21.01,32.1,48.66,11.98,0,0,0,45.15
dairy,14.56,142.51,33.93,80.45,6,1,0,224.6
fruit,15.59,56.25,42.9,28.84,3,0,0,83.98
grain,94.79,59.13,20.17,46.2,1,0,0,0.0
spice,40.1,76.63,39.78,82.29,5,1,0,74.43
spice,79.85,144.37,13.57,43.0,3,0,0,56.79
spice,12.14,197.33,40.13,45.12,6,1,0,212.35
seafood,37.87,170.2,33.99,68.57,2,0,0,170.03
seafood,91.98,28.02,29.49,76.65,2,0,0,0.0
grain,9.14,115.8,45.13,35.84,2,0,0,137.48
seafood,38.86,17.07,46.29,70.58,5,1,0,43.9
fruit,86.36,74.78,45.48,94.68,1,0,0,53.12
meat,45.28,168.75,48.27,79.76,5,1,0,272.08
spice,56.27,154.82,37.11,28.68,4,0,0,104.51
vegetable,8.51,67.56,38.51,96.8,6,1,0,140.64
meat,31.15,158.76,24.92,53.67,0,0,0,184.55
fruit,50.39,12.57,21.33,64.1,6,1,0,0.0
spice,27.75,187.35,37.56,61.95,4,0,0,147.43
fruit,61.81,106.81,29.56,42.35,5,1,0,100.93
dairy,46.67,20.01,6.69,74.55,5,1,0,0.0
spice,24.31,151.5,12.57,27.09,3,0,0,92.33
grain,65.1,166.66,23.8,16.58,5,1,0,156.87
vegetable,26.83,199.87,12.89,10.91,2,0,0,163.72
spice,31.12,49.72,43.18,91.54,1,0,0,59.36
spice,25.69,162.15,33.45,55.32,0,0,0,108.34
fruit,20.93,17.49,38.36,84.48,1,0,0,52.72
spice,17.37,141.13,34.05,90.29,6,1,0,174.14
spice,83.32,91.09,34.19,75.45,0,0,0,35.47
meat,44.3,116.67,43.21,49.93,3,0,0,159.94
spice,58.31,192.44,34.72,57.04,5,1,0,165.59
spice,94.07,19.08,20.85,87.09,0,0,0,0.0
vegetable,73.53,161.49,17.12,89.87,3,0,0,115.28
fruit,58.67,29.55,37.86,44.85,0,0,0,20.78
dairy,25.21,103.25,8.4,65.61,3,0,0,98.55
vegetable,95.44,176.09,36.86,74.23,2,0,0,131.87
meat,96.88,102.0,7.86,59.65,1,0,0,16.87
meat,43.03,70.86,45.8,27.21,0,0,0,106.67
vegetable,26.52,140.36,47.7,34.12,3,0,0,167.97
spice,53.81,23.4,47.03,78.97,6,1,0,27.02
vegetable,71.4,185.69,28.27,20.54,5,1,0,206.83
dairy,62.99,78.36,23.26,97.34,1,0,0,44.02
vegetable,60.38,66.8,23.49,29.59,3,0,0,39.26
grain,37.18,14.91,14.98,80.24,5,1,0,0.0
grain,77.15,183.88,43.45,71.49,6,1,0,180.96
vegetable,84.55,161.83,27.88,30.96,4,0,0,124.06
meat,22.57,50.24,40.66,26.82,4,0,0,78.45
spice,2.48,168.7,21.44,85.75,1,0,0,129.8
meat,7.54,57.57,35.12,89.94,6,1,0,132.99
grain,18.85,162.94,48.53,34.17,6,1,1,392.81
fruit,14.44,93.99,20.03,56.96,3,0,0,127.77
dairy,76.1,145.47,21.48,14.76,4,0,0,102.25
spice,18.38,119.62,11.97,42.06,3,0,0,88.64
fruit,38.65,89.85,30.29,10.53,5,1,0,127.83
fruit,92.0,61.43,21.67,61.2,0,0,0,0.0
meat,73.96,26.46,35.11,46.93,2,0,0,0.0
vegetable,45.4,67.32,22.28,86.9,5,1,0,63.73
seafood,11.75,57.88,46.43,62.34,0,0,0,75.48
meat,12.91,112.0,47.15,37.75,6,1,0,292.93
vegetable,24.78,16.9,9.58,75.56,0,0,0,4.7
fruit,40.64,102.16,29.34,83.65,3,0,0,106.55
fruit,69.29,115.62,36.48,47.08,3,0,0,98.35
seafood,58.74,26.23,25.24,78.07,2,0,0,0.0
fruit,89.47,60.86,23.48,90.87,1,0,0,0.0
seafood,86.5,70.92,13.02,31.54,1,0,0,0.05
seafood,32.06,35.65,18.33,61.51,0,0,0,28.82
spice,75.68,73.08,38.5,23.68,5,1,0,37.78
fruit,87.33,17.91,42.38,61.42,4,0,0,0.0
fruit,87.58,152.95,5.79,56.53,0,0,0,100.14
seafood,29.74,139.53,14.35,81.91,1,0,0,140.05
meat,74.09,135.75,21.0,82.8,1,0,0,110.49
seafood,0.39,53.17,23.29,86.61,0,0,0,96.98
spice,9.85,54.09,36.9,84.14,2,0,0,65.45
fruit,8.93,93.18,15.38,36.21,0,0,0,116.46
spice,59.61,27.03,20.18,18.07,0,0,0,0.0
seafood,45.96,52.48,47.01,41.01,3,0,0,57.5
spice,23.81,188.31,12.7,20.19,3,0,0,132.85
seafood,47.71,198.97,35.56,16.67,6,1,1,356.21
vegetable,58.73,43.1,48.33,25.8,5,1,0,62.63
seafood,46.52,22.01,31.92,64.16,4,0,0,13.31
spice,87.0,130.86,12.41,48.68,5,1,0,57.59
spice,31.27,121.75,11.22,48.35,4,0,0,81.03
meat,77.83,188.83,43.78,60.79,6,1,0,231.84
fruit,12.5,30.24,35.98,33.38,3,0,1,94.2
vegetable,9.87,120.16,33.25,42.87,4,0,0,160.38
seafood,81.81,192.0,42.09,60.84,1,0,0,158.91
spice,5.47,111.74,47.11,63.79,5,1,0,169.51
meat,93.21,156.34,38.65,31.07,5,1,0,182.1
spice,28.99,172.06,22.44,39.09,1,0,0,106.23
meat,39.03,30.16,35.17,36.0,3,0,0,38.58
grain,50.75,86.24,43.48,48.87,6,1,0,89.23
spice,60.24,30.38,27.87,76.19,0,0,0,2.34
fruit,87.28,164.77,15.53,28.06,6,1,0,140.15
meat,30.64,38.94,16.88,48.48,6,1,0,48.59
vegetable,47.83,44.32,26.85,73.38,4,0,0,30.3
vegetable,7.51,111.78,43.45,10.44,5,1,0,201.74
meat,65.94,107.03,26.47,85.14,5,1,0,109.15
fruit,11.16,31.93,41.07,57.65,0,0,0,66.92
seafood,35.63,62.08,41.05,43.95,5,1,0,106.23
spice,5.82,186.13,34.18,44.16,3,0,0,158.26
seafood,81.22,174.54,12.75,86.55,3,0,0,116.95
spice,65.62,82.63,17.68,74.98,1,0,0,26.34
dairy,5.35,94.68,7.22,61.24,1,0,0,94.04
fruit,30.56,122.67,29.2,10.42,6,1,0,172.13
spice,71.09,194.94,40.58,31.87,2,0,0,125.43
dairy,46.81,178.63,33.86,47.23,0,0,0,181.81
vegetable,96.9,187.28,44.18,47.96,6,1,0,217.33
vegetable,85.04,88.72,10.06,16.81,5,1,0,21.48
spice,74.87,167.31,39.71,13.49,1,0,0,105.72
vegetable,93.48,168.64,42.91,37.29,6,1,0,171.96
spice,94.69,55.74,15.8,17.5,5,1,0,0.0
seafood,66.7,183.2,20.55,65.94,2,0,0,118.51
dairy,35.06,81.59,29.01,10.02,3,0,0,74.14
spice,25.05,163.12,17.59,27.24,6,1,0,155.72
meat,95.96,160.61,32.17,54.4,2,0,0,113.37
grain,38.35,38.92,35.0,35.59,3,0,0,42.56
fruit,26.5,95.24,29.2,69.73,3,0,0,112.56
dairy,64.6,38.62,46.97,44.48,3,0,0,30.64
dairy,87.83,110.18,46.84,53.54,5,1,0,110.65
vegetable,45.51,115.62,23.18,51.41,6,1,0,155.27
seafood,60.1,16.52,27.39,23.94,2,0,0,0.0
grain,1.94,194.86,14.97,82.5,3,0,0,205.74
vegetable,0.9,58.98,23.31,51.41,1,0,0,113.93
spice,65.4,127.53,18.94,17.72,3,0,0,57.65
seafood,35.67,122.57,42.6,13.93,5,1,0,207.92
fruit,0.92,48.27,48.16,65.21,3,0,0,139.94
meat,88.15,89.02,37.42,92.65,1,0,0,53.95
spice,51.71,182.54,41.2,15.92,1,0,0,129.59
grain,78.43,120.95,8.71,78.91,5,1,0,59.6
fruit,17.23,152.94,46.02,59.87,5,1,0,319.89
vegetable,19.74,196.98,38.13,79.68,2,0,0,242.9
seafood,26.48,187.38,37.4,77.84,5,1,0,261.52
dairy,10.4,192.85,45.06,34.33,5,1,0,307.08
fruit,46.18,69.74,31.14,75.69,1,0,0,47.62
dairy,62.42,35.09,39.03,34.83,4,0,0,20.44
grain,34.63,163.47,21.04,19.09,4,0,1,193.35
meat,32.47,196.48,11.06,38.33,3,0,0,226.75
seafood,47.14,43.4,11.52,32.93,2,0,0,10.89
seafood,88.66,59.98,15.11,51.9,5,1,0,0.0
seafood,13.55,108.5,10.07,94.06,5,1,0,160.56
grain,79.47,96.7,12.68,34.05,5,1,0,36.59
grain,10.35,30.41,9.55,11.02,6,1,0,34.87
spice,96.8,58.48,43.63,59.18,0,0,0,9.46
meat,56.16,23.9,39.41,35.62,2,0,0,22.28
seafood,16.46,153.2,48.57,80.16,6,1,0,239.53
dairy,82.55,20.64,26.6,58.18,0,0,0,0.0
meat,39.49,58.27,49.2,98.47,4,0,0,90.92
dairy,32.58,165.23,23.4,39.41,6,1,0,209.56
fruit,44.56,180.17,10.68,21.1,6,1,0,186.46
meat,87.5,67.28,9.26,78.25,6,1,0,0.0
vegetable,50.41,113.53,17.76,95.36,0,0,0,102.49
fruit,10.61,103.63,12.23,98.04,0,0,0,121.66
vegetable,12.9,91.76,17.36,89.9,3,0,0,108.7
meat,83.3,66.54,40.52,12.81,5,1,0,45.94
grain,6.64,197.98,6.77,68.94,0,0,0,195.08
vegetable,24.6,111.1,26.71,73.26,5,1,0,183.31
seafood,18.91,118.96,14.69,87.55,4,0,0,132.06
spice,35.23,54.47,7.24,34.17,6,1,1,38.23
fruit,69.39,102.97,28.07,34.1,0,0,0,65.42
spice,70.66,188.72,19.82,13.8,3,0,0,89.75
meat,19.71,176.32,36.7,50.85,3,0,0,253.55
meat,48.01,80.91,27.2,62.12,4,0,0,80.14
dairy,42.25,66.68,16.84,24.72,5,1,0,72.69
dairy,68.34,139.94,27.58,80.02,4,0,0,97.67
vegetable,89.49,14.6,20.69,74.96,6,1,0,0.0
fruit,58.93,116.4,38.25,83.14,0,0,0,101.17
meat,62.6,38.6,26.11,55.4,2,0,0,9.52
grain,49.57,73.22,8.2,18.06,3,0,0,32.32
spice,68.79,174.15,18.45,27.37,1,0,0,84.38
seafood,69.01,84.17,23.71,52.23,3,0,0,45.09
vegetable,46.01,46.75,14.47,12.07,2,0,0,21.2
dairy,22.75,63.12,10.73,67.53,3,0,0,59.12
vegetable,25.6,133.66,10.23,58.28,0,0,0,138.4
fruit,60.4,175.55,49.95,64.7,0,0,1,298.9
dairy,36.83,80.95,22.26,85.3,6,1,0,107.11
seafood,33.41,165.4,6.73,88.37,0,0,0,151.21
meat,54.42,11.52,9.28,14.88,0,0,0,0.0
seafood,71.65,57.43,44.5,83.18,2,0,0,35.68
grain,86.11,24.88,8.27,86.53,3,0,1,0.0
seafood,54.29,168.25,10.63,21.68,1,0,0,112.42
meat,56.15,45.33,15.1,54.45,6,1,0,12.33
meat,82.06,64.2,15.76,80.83,2,0,0,1.38
meat,35.48,126.41,31.34,59.29,4,0,0,173.86
seafood,38.42,168.83,11.69,51.05,4,0,0,128.57
vegetable,29.24,176.23,39.73,47.61,0,0,0,177.36
fruit,45.9,55.3,47.38,64.34,6,1,0,111.19
vegetable,63.06,95.42,13.49,55.71,5,1,0,62.66
fruit,66.38,31.54,37.43,55.03,3,0,0,10.5
grain,3.77,79.76,29.4,23.33,1,0,0,107.92
fruit,22.38,187.18,26.96,66.74,0,0,0,218.92
vegetable,38.29,52.2,42.11,64.75,3,0,0,63.53
seafood,4.78,171.53,49.89,89.82,5,1,0,322.26
meat,78.65,69.38,46.15,85.66,6,1,0,63.13
seafood,33.65,50.13,19.09,26.1,0,0,0,37.18
spice,32.05,151.44,48.7,49.42,4,0,0,124.07
dairy,69.06,107.55,34.28,90.07,0,0,0,85.19
spice,60.32,71.86,49.26,70.06,6,1,0,58.17
meat,62.33,20.7,6.07,50.5,0,0,0,0.0
vegetable,51.46,48.03,19.38,63.26,1,0,0,20.7
fruit,56.93,164.26,41.36,27.09,4,0,0,210.68
seafood,72.62,169.95,18.46,38.49,5,1,0,149.79
spice,69.28,175.48,20.41,79.28,4,0,0,98.34
vegetable,96.47,23.98,7.4,94.38,6,1,0,0.0
seafood,48.24,27.79,39.56,77.25,0,0,0,28.47
grain,88.11,58.77,31.68,94.24,0,0,0,9.12
spice,68.95,75.36,17.48,99.7,4,0,0,22.63
seafood,3.11,115.29,39.29,58.36,6,1,0,218.76
spice,36.68,55.04,25.13,16.51,4,0,0,31.27
spice,98.55,115.27,46.89,10.48,5,1,0,69.29
meat,13.97,28.26,24.11,94.03,2,0,0,43.73
seafood,63.38,183.78,14.39,69.87,5,1,0,158.61
grain,16.39,149.83,18.56,51.71,0,0,0,158.59
seafood,42.54,56.97,38.68,33.58,4,0,0,59.47
meat,19.64,126.63,8.95,45.24,3,0,0,141.57
fruit,37.8,29.56,37.36,55.35,4,0,0,41.72
spice,32.44,73.5,6.16,40.69,6,1,0,47.29
fruit,3.08,177.05,5.59,95.03,5,1,0,255.64
fruit,92.42,14.63,31.16,59.4,3,0,1,0.0
vegetable,0.07,188.0,12.4,31.02,5,1,0,294.57
seafood,12.31,197.41,19.18,20.38,4,0,1,313.5
dairy,2.09,52.39,7.54,19.31,0,0,0,52.02
seafood,51.59,58.16,47.32,91.53,2,0,0,63.71
seafood,72.76,95.81,43.55,94.97,4,0,0,79.92
grain,9.51,48.09,23.61,28.56,5,1,0,69.59
fruit,69.19,82.78,44.11,61.15,1,0,0,77.68
dairy,46.47,165.94,32.65,84.89,1,0,0,182.94
dairy,49.57,90.01,23.47,30.82,0,0,0,76.87
seafood,5.53,47.64,5.41,66.45,5,1,0,61.4
grain,35.78,11.61,42.76,12.88,0,0,0,21.29
vegetable,53.55,113.28,34.42,44.83,3,0,0,128.12
meat,54.96,178.69,9.71,84.04,6,1,0,200.19
seafood,48.18,118.53,42.15,34.77,2,0,0,135.43
spice,98.27,85.83,23.69,46.72,0,0,0,11.16
seafood,75.9,100.94,7.01,37.86,0,0,0,37.48
seafood,4.93,10.45,16.02,71.25,6,1,0,34.97
spice,41.1,133.09,37.04,26.06,3,0,0,105.36
meat,86.35,156.78,12.6,83.96,4,0,0,87.91
grain,33.72,59.88,10.49,55.88,4,0,1,62.54
vegetable,16.39,82.47,11.34,66.24,5,1,0,123.5
dairy,27.89,190.54,7.85,64.27,5,1,0,282.67
grain,99.97,56.37,39.35,62.78,3,0,1,5.06
spice,12.85,14.97,35.97,64.37,2,0,0,27.87
vegetable,41.08,13.49,17.17,82.43,4,0,0,0.0
dairy,44.72,68.85,26.73,39.08,4,0,0,61.99
vegetable,68.69,183.53,32.39,60.39,1,0,0,176.45
dairy,45.53,182.6,9.7,74.82,1,0,0,146.02
grain,25.74,141.77,6.79,85.55,3,0,0,110.18
grain,22.12,138.64,39.75,52.59,6,1,0,175.25
seafood,84.18,162.26,23.47,30.71,5,1,0,147.33
grain,22.76,109.64,41.27,41.81,1,0,0,127.05
spice,9.9,61.56,43.48,41.18,3,0,0,74.68
vegetable,26.83,17.79,36.73,50.59,5,1,0,49.01
grain,13.87,34.19,12.91,96.42,3,0,0,26.6
grain,39.76,73.9,15.55,53.26,3,0,0,46.67
seafood,16.98,193.47,5.67,53.3,0,0,0,164.68
grain,57.07,92.76,23.67,75.95,4,0,0,60.23
grain,58.52,80.25,26.87,38.24,0,0,0,40.15
meat,10.55,139.78,34.73,95.55,6,1,0,246.81
spice,44.33,121.31,48.92,57.91,4,0,0,87.65
meat,19.11,93.74,31.31,83.46,1,0,0,141.33
grain,60.44,47.72,27.27,76.81,4,0,0,17.78
meat,30.52,195.01,34.85,46.74,2,0,0,270.44
fruit,52.98,65.1,33.3,20.61,0,0,0,54.25
seafood,0.02,34.12,47.01,88.06,2,0,0,106.43
fruit,37.36,139.48,7.86,45.66,0,0,0,146.4
dairy,28.79,32.85,36.66,68.04,5,1,0,61.41
dairy,92.11,70.98,16.35,58.08,4,0,0,0.0
dairy,94.3,161.06,13.16,74.08,3,0,0,93.04
dairy,12.67,89.92,26.64,43.87,6,1,0,176.14
seafood,68.55,92.88,13.77,83.44,1,0,0,43.85
vegetable,28.82,54.84,37.87,13.63,0,0,0,69.19
vegetable,0.18,52.53,20.32,99.19,6,1,0,96.13
seafood,87.34,85.05,20.08,28.66,0,0,0,19.17
spice,28.96,119.67,7.97,27.22,2,0,0,68.64
meat,25.51,34.14,7.63,37.49,1,0,0,19.39
seafood,76.08,13.01,30.1,44.15,3,0,0,0.0
spice,19.26,28.55,45.4,41.49,2,0,0,45.37
dairy,12.58,121.97,28.63,28.27,4,0,0,140.0
spice,70.27,160.61,33.31,23.74,0,0,0,88.23
meat,41.17,73.26,35.12,29.45,4,0,0,100.59
grain,97.85,12.03,33.02,47.16,1,0,0,0.0
vegetable,98.1,126.6,40.71,17.7,6,1,0,120.51
grain,36.51,126.18,36.32,40.82,5,1,0,129.93
spice,58.89,108.92,38.4,55.88,6,1,0,77.12
vegetable,2.51,147.36,41.47,81.72,4,0,0,222.65
meat,67.23,180.53,25.12,49.33,3,0,0,182.08
grain,83.02,191.67,36.42,28.7,4,0,0,128.06
vegetable,51.37,55.65,10.61,62.76,5,1,0,22.13
dairy,61.65,197.33,33.8,87.42,2,0,0,151.77
seafood,38.14,24.95,12.73,15.33,3,0,0,1.88
fruit,71.17,50.08,35.26,73.38,4,0,0,24.87
seafood,11.1,43.65,24.29,21.4,1,0,0,66.0
dairy,33.53,125.51,30.91,24.73,4,0,0,134.72
seafood,1.24,177.16,7.03,75.81,6,1,0,252.13
grain,85.24,114.2,13.88,38.55,2,0,0,40.75
spice,5.17,40.12,41.57,21.93,3,0,0,68.05
grain,44.73,160.07,32.83,20.18,0,0,0,151.82
seafood,39.69,151.27,31.13,44.93,1,0,0,130.4
dairy,51.49,42.43,34.83,86.73,5,1,0,44.68
fruit,97.55,73.32,31.78,18.12,6,1,0,16.17
spice,85.84,191.8,27.46,93.84,4,0,0,107.13
fruit,45.45,49.76,5.17,31.74,6,1,0,11.84
grain,35.03,95.91,11.01,14.32,3,0,0,68.8
dairy,76.07,38.47,30.73,32.83,1,0,0,0.0
dairy,69.8,10.3,44.22,12.73,5,1,0,0.0
vegetable,86.24,192.68,16.1,50.51,6,1,0,151.44
spice,5.3,113.16,16.7,62.89,0,0,0,84.23
fruit,24.2,62.91,45.34,67.26,2,0,0,89.43
vegetable,20.38,151.15,35.85,78.3,5,1,0,286.71
dairy,95.33,29.21,18.9,65.02,2,0,0,0.0
grain,5.24,182.49,37.46,70.94,5,1,0,235.94
spice,15.56,84.47,27.05,19.94,6,1,0,93.07
spice,93.86,45.31,49.01,99.49,4,0,0,7.23
vegetable,31.61,90.65,18.92,35.26,1,0,0,99.06
vegetable,59.62,184.03,17.96,26.7,1,0,0,171.4
seafood,68.8,70.67,16.35,96.03,1,0,0,19.28
grain,42.44,39.78,24.19,58.37,0,0,0,22.7
spice,68.0,130.68,45.93,11.62,0,0,0,73.08
grain,13.63,178.64,26.18,89.03,3,0,0,181.24
fruit,85.93,123.02,20.09,83.43,6,1,0,80.44
seafood,95.96,77.92,7.97,25.04,1,0,0,0.0
seafood,35.66,64.76,16.56,69.77,3,0,0,52.95
dairy,29.27,25.05,26.95,38.31,6,1,0,39.65
vegetable,38.78,64.5,17.09,87.5,4,0,0,56.89
vegetable,6.15,61.29,39.58,89.65,6,1,0,128.04
seafood,13.79,157.44,40.89,58.41,2,0,0,192.67
seafood,65.55,11.65,46.74,15.97,0,0,0,2.19
dairy,0.14,104.45,38.88,84.09,3,0,0,147.72
vegetable,15.48,80.23,19.82,48.12,1,0,0,99.45
fruit,39.45,196.41,39.16,56.03,5,1,0,326.71
grain,83.41,161.95,20.55,33.36,2,0,0,92.96
meat,22.15,16.61,23.42,36.03,2,0,0,27.09
dairy,60.43,167.16,24.13,34.79,4,0,0,152.0
vegetable,44.91,93.62,9.1,74.67,3,0,0,58.98
vegetable,44.89,112.06,14.16,24.02,4,0,0,92.57
dairy,41.21,16.77,27.41,59.88,1,0,0,9.3
meat,81.07,189.96,11.12,54.79,1,0,0,131.61
seafood,32.55,37.3,36.95,58.04,4,0,0,47.83
meat,58.55,69.97,8.91,30.07,1,0,0,29.02
meat,65.83,60.12,5.54,56.7,0,0,0,1.01
vegetable,82.84,71.37,15.68,33.64,4,0,0,6.19
seafood,67.41,50.78,33.7,55.55,1,0,0,26.07
seafood,52.54,141.39,44.75,54.61,0,0,0,139.99
meat,22.01,83.82,43.96,75.2,0,0,0,146.12
dairy,17.61,151.23,16.34,50.88,0,0,1,213.74
grain,44.8,32.95,24.18,35.88,2,0,0,14.46
dairy,3.08,127.32,39.23,53.27,0,0,0,178.14
meat,74.79,47.42,39.98,84.89,5,1,0,29.82
vegetable,41.76,149.96,10.11,82.54,6,1,0,152.71
meat,59.04,23.32,6.18,33.49,0,0,0,0.0
fruit,3.71,111.7,36.72,40.52,4,0,0,152.36
fruit,33.9,37.19,43.61,37.8,4,0,0,59.14
meat,73.22,26.68,35.07,90.62,0,0,0,0.0
meat,71.66,93.08,23.16,22.33,6,1,0,80.35
grain,25.83,101.35,49.64,71.8,3,0,0,114.25
spice,52.19,39.52,35.0,64.48,6,1,0,30.13
grain,8.64,154.29,19.13,51.36,6,1,0,171.93
fruit,30.15,193.92,36.63,22.31,2,0,0,256.36
spice,34.3,88.03,37.42,56.04,6,1,0,90.85
seafood,29.24,161.67,40.25,41.71,4,0,0,189.74
grain,73.25,187.29,34.57,49.51,4,0,0,135.19
vegetable,47.03,15.51,36.04,53.37,5,1,1,29.8
fruit,62.2,106.09,41.77,87.49,5,1,0,116.09
dairy,69.52,89.42,30.45,68.42,6,1,0,69.81
meat,0.44,185.68,10.06,18.54,1,0,0,254.21
seafood,21.43,121.17,24.93,13.08,5,1,0,166.71
grain,9.97,61.77,42.43,98.24,3,0,0,86.21
vegetable,50.28,19.86,47.4,57.45,3,0,0,29.25
grain,36.36,110.98,44.23,71.86,3,0,0,115.82
meat,42.81,47.18,6.25,82.45,5,1,0,20.92
vegetable,73.5,30.99,43.79,85.53,0,0,0,11.11
fruit,72.15,11.13,31.66,86.27,5,1,1,0.0
meat,10.73,49.15,11.64,81.73,4,0,0,59.52
vegetable,31.34,97.85,22.55,87.72,5,1,0,122.39
spice,93.08,56.69,30.96,34.71,4,0,0,0.5
meat,56.48,74.45,19.52,68.04,4,0,0,55.33
seafood,51.95,95.6,5.52,60.11,4,0,0,47.08
vegetable,73.63,118.55,8.0,20.48,4,0,0,51.08
vegetable,55.43,72.46,37.42,67.94,3,0,0,63.56
vegetable,64.87,131.11,29.9,11.03,3,0,0,117.96
spice,58.77,57.91,14.17,40.63,6,1,0,16.0
seafood,51.49,41.42,49.0,19.71,1,0,0,52.78
fruit,34.06,67.22,31.02,54.83,6,1,0,105.16
fruit,45.83,135.29,46.15,18.11,5,1,0,181.07
dairy,11.29,111.37,9.56,88.53,1,0,0,127.43
fruit,36.81,33.76,6.87,35.34,1,0,0,5.62
spice,39.18,119.65,36.61,67.07,0,0,0,97.95
spice,97.61,58.8,25.53,12.7,1,0,0,0.0
meat,30.77,31.2,42.79,99.75,6,1,1,120.88
meat,94.16,145.11,18.3,62.29,6,1,0,107.74
seafood,82.47,62.46,46.87,42.82,6,1,0,53.48
dairy,51.45,30.31,34.71,85.25,1,0,0,23.22
vegetable,70.55,151.71,40.76,77.3,6,1,0,203.33
spice,62.5,172.26,41.11,13.72,3,0,0,132.5
seafood,11.98,95.71,45.99,83.29,5,1,0,178.53
fruit,79.2,71.62,37.23,22.19,1,0,0,39.55
vegetable,71.74,189.23,28.75,58.6,2,0,0,189.96
dairy,47.57,124.53,49.37,94.4,3,0,0,123.66
seafood,89.51,84.66,48.28,47.42,2,0,0,42.86
seafood,95.06,56.48,38.58,56.87,3,0,0,8.74
seafood,32.29,101.44,32.78,46.44,1,0,0,112.73
meat,51.15,149.44,23.5,41.96,0,0,0,158.9
meat,49.72,35.61,27.32,25.22,2,0,0,23.65
seafood,60.5,135.3,23.08,91.81,1,0,0,91.0
dairy,82.05,172.25,12.75,34.39,4,0,0,103.41
fruit,85.54,16.06,8.42,34.65,2,0,0,0.0
spice,0.58,91.57,23.35,20.26,0,0,0,84.48
vegetable,72.09,148.41,5.0,95.85,0,0,0,113.42
meat,80.98,169.07,9.2,76.49,3,0,0,102.34
fruit,57.06,189.67,24.93,63.94,5,1,0,232.47
fruit,92.68,81.32,15.87,59.94,0,0,0,7.77
dairy,63.14,123.34,19.32,50.63,5,1,0,123.75
grain,89.95,186.2,23.12,90.13,3,0,0,138.67
vegetable,47.59,33.29,46.76,50.87,1,0,0,47.72
grain,12.65,88.75,5.67,85.69,6,1,0,86.89
spice,23.7,95.12,13.5,34.17,5,1,0,80.71
seafood,87.67,51.1,41.32,78.17,5,1,0,16.21
vegetable,26.26,58.41,39.75,49.12,1,0,0,78.62
meat,28.92,68.86,28.48,69.73,6,1,0,104.38
vegetable,97.65,132.49,17.5,99.7,4,0,0,64.1
meat,84.09,132.3,32.42,52.06,6,1,0,141.99
spice,96.9,98.78,30.81,50.03,5,1,0,36.22
grain,9.85,60.37,27.28,86.19,4,0,0,77.19
meat,49.35,177.33,22.88,34.18,4,0,0,169.72
grain,60.22,103.67,40.36,95.28,4,0,0,94.44
meat,61.62,104.79,49.51,51.61,5,1,0,147.87
fruit,90.46,74.73,21.97,91.58,2,0,0,12.47
vegetable,36.91,147.2,12.84,63.12,5,1,0,188.21
vegetable,47.21,82.75,16.3,64.38,0,0,0,72.57
fruit,85.63,31.35,20.65,88.88,0,0,0,0.0
dairy,16.27,172.33,35.9,56.81,2,0,0,248.43
spice,19.4,64.12,27.73,57.82,5,1,0,63.66
seafood,19.18,19.51,44.31,16.8,1,0,0,64.7
dairy,40.94,176.5,18.41,11.07,2,0,1,268.09
seafood,87.66,183.37,16.97,51.59,6,1,0,173.47
fruit,99.86,54.73,37.71,44.02,0,0,0,0.12
seafood,2.26,140.52,18.23,60.39,0,0,0,161.98
vegetable,40.72,54.13,29.07,27.89,5,1,0,67.34
vegetable,11.04,98.88,8.19,63.84,5,1,0,141.24
spice,0.81,50.48,32.72,43.77,4,0,0,57.71
grain,55.87,21.31,17.3,93.22,2,0,0,0.0
dairy,99.95,59.98,30.92,72.68,3,0,0,0.0
meat,71.42,23.21,48.75,11.28,3,0,1,19.5
meat,13.47,38.67,40.67,89.88,5,1,0,119.38
grain,67.32,166.79,18.72,99.12,1,0,0,106.51
spice,44.82,94.85,25.59,33.28,5,1,0,73.67
seafood,31.68,147.77,10.44,25.18,3,0,0,140.11
spice,97.89,177.25,17.6,19.54,6,1,0,87.47
seafood,0.56,45.4,9.49,42.7,6,1,0,75.12
seafood,34.85,44.04,34.12,51.78,6,1,0,64.75
spice,9.5,190.6,49.12,59.09,5,1,0,201.18
seafood,2.54,17.49,31.44,15.55,2,0,0,53.82
vegetable,21.87,56.16,33.9,34.85,5,1,0,102.23
meat,49.06,193.56,42.45,35.61,1,0,0,258.35
vegetable,44.09,130.51,39.85,13.04,2,0,0,141.71
grain,34.59,76.11,26.11,40.07,6,1,0,74.18
grain,95.44,31.98,47.58,76.0,5,1,0,0.0
spice,82.67,30.31,27.71,72.74,4,0,0,0.0
grain,53.4,82.04,20.31,65.87,1,0,0,53.28
vegetable,82.47,86.41,9.61,15.54,6,1,0,25.07
seafood,74.28,19.66,14.95,34.68,5,1,0,0.0
dairy,13.39,189.32,41.19,26.26,5,1,0,329.34
meat,12.78,150.41,22.86,33.66,5,1,0,287.91
spice,34.31,55.96,22.93,11.73,6,1,0,44.49
vegetable,77.39,164.63,27.21,28.48,1,0,0,111.33
spice,24.63,181.65,9.7,98.44,0,0,0,108.34
seafood,42.31,62.96,26.19,92.61,4,0,0,49.4
dairy,80.3,91.16,15.51,99.51,2,0,0,27.46
spice,28.62,47.79,47.14,11.67,2,0,0,58.5
dairy,48.36,105.2,19.47,21.89,5,1,0,122.51
spice,58.98,48.12,17.93,24.57,5,1,0,9.4
seafood,51.94,116.91,47.52,27.6,1,0,0,113.91
grain,26.26,17.46,18.74,77.01,4,0,0,10.45
vegetable,70.62,158.7,25.49,72.83,4,0,0,107.7
meat,94.81,23.06,27.83,39.6,6,1,0,0.0
grain,31.3,165.77,29.93,50.55,1,0,0,144.8
dairy,39.34,170.84,24.21,59.68,3,0,0,163.17
dairy,40.08,49.28,13.99,55.57,2,0,0,28.73
grain,45.09,76.96,29.97,26.92,0,0,0,61.07
meat,48.07,104.78,14.68,34.47,3,0,0,85.72
meat,71.41,149.83,11.22,96.96,0,0,0,113.69
grain,45.76,60.97,42.89,38.22,4,0,0,69.67
spice,62.2,85.12,39.57,48.27,3,0,0,53.73
vegetable,83.18,135.28,20.71,70.33,6,1,0,107.89
grain,34.15,158.12,30.88,98.67,2,0,0,152.84
vegetable,6.99,131.61,47.27,10.17,0,0,1,316.48
fruit,75.54,60.74,26.46,84.04,1,0,0,16.35
dairy,68.13,111.35,28.15,33.11,3,0,0,68.34
grain,4.13,92.01,7.35,18.6,0,0,0,98.56
dairy,3.31,10.21,8.55,78.67,1,0,0,21.35
grain,92.58,132.62,23.66,93.73,5,1,0,79.24
grain,46.64,68.02,24.31,37.43,6,1,0,59.28
grain,66.14,16.09,8.74,36.41,4,0,0,0.0
grain,2.22,105.33,17.36,68.38,4,0,0,100.1
dairy,98.0,177.61,30.87,45.82,0,0,0,129.93
seafood,89.54,40.89,49.8,20.7,5,1,0,13.59
dairy,78.73,87.66,42.05,71.25,3,0,0,69.8
vegetable,8.47,128.36,5.31,13.91,0,0,1,210.54
seafood,94.96,175.18,26.75,40.24,6,1,0,136.7
spice,36.65,116.32,34.95,98.05,6,1,0,95.83
spice,28.81,156.01,14.24,74.1,5,1,0,127.09
meat,26.16,104.3,23.83,80.07,1,0,0,131.24
fruit,93.61,20.43,35.3,90.22,3,0,0,0.0
seafood,21.55,48.07,49.57,82.16,1,0,0,88.53
vegetable,22.02,173.82,38.42,47.29,5,1,0,267.78
spice,92.99,75.27,48.36,91.92,3,0,0,25.39
meat,26.4,190.09,21.52,91.69,4,0,0,277.31
vegetable,61.41,111.06,9.13,50.05,6,1,0,80.49
vegetable,10.3,53.22,5.14,37.32,6,1,0,77.53
vegetable,67.71,176.16,38.71,94.47,4,0,0,167.82
grain,26.98,107.17,24.81,56.12,1,0,0,90.56
meat,25.13,41.58,20.73,76.76,4,0,0,52.91
meat,55.0,103.44,30.45,74.4,6,1,0,142.0
fruit,13.59,22.66,48.92,96.13,6,1,0,95.9
meat,83.02,190.62,33.54,41.85,3,0,0,199.01
fruit,90.98,175.38,30.12,39.23,5,1,0,162.71
dairy,32.51,99.51,41.84,21.22,0,0,0,120.17
vegetable,94.67,85.52,14.77,43.63,3,0,0,9.61
dairy,86.57,16.1,33.97,78.67,0,0,0,0.0
grain,59.79,103.08,6.45,66.21,5,1,0,62.57
meat,17.7,15.42,45.92,10.74,1,0,0,62.92
vegetable,27.91,120.08,14.1,34.32,4,0,1,157.39
dairy,31.12,156.3,44.0,56.73,0,0,0,210.98
dairy,29.96,128.4,26.12,20.49,4,0,0,133.89
spice,46.58,107.29,11.16,40.69,5,1,0,76.61
meat,91.48,112.02,37.75,20.93,1,0,0,82.26
fruit,87.74,151.15,45.49,83.66,4,0,0,117.59
fruit,8.67,74.03,10.81,57.08,1,0,0,97.8
seafood,71.9,155.72,23.73,11.52,0,0,0,135.86
dairy,10.79,133.55,19.06,41.32,3,0,0,146.73
meat,26.55,67.49,17.1,57.9,6,1,0,106.73
spice,40.8,50.14,26.71,40.7,6,1,0,34.17
vegetable,55.61,64.12,6.09,66.25,1,0,0,16.53
meat,74.7,184.03,48.12,10.95,1,0,0,206.99
seafood,86.12,37.64,42.68,11.4,0,0,0,2.89
seafood,20.08,30.44,24.81,21.1,3,0,0,41.44
seafood,55.34,16.05,26.12,93.22,3,0,0,0.0
grain,77.98,158.95,28.37,87.22,3,0,0,102.55
grain,48.99,112.37,16.59,42.96,2,0,0,65.08
vegetable,45.54,163.99,42.26,47.04,5,1,0,236.6
vegetable,44.55,176.0,25.78,11.91,0,0,0,160.62
fruit,42.44,173.47,29.4,72.07,2,0,0,199.66
seafood,53.86,57.58,45.1,39.98,2,0,0,64.55
grain,1.34,90.34,13.44,11.95,0,0,0,92.15
dairy,74.36,197.3,35.02,32.04,1,0,0,179.64
dairy,21.18,171.71,24.23,96.58,2,0,0,185.41
grain,97.6,72.93,10.34,61.33,4,0,1,0.0
spice,62.25,69.86,29.38,18.21,6,1,0,40.92
fruit,63.1,99.87,35.25,64.65,0,0,0,84.0
grain,38.28,121.94,34.15,50.66,3,0,0,104.34
vegetable,1.69,79.34,17.32,55.54,2,0,0,120.6
fruit,50.99,34.65,38.75,18.93,0,0,0,29.7
spice,79.3,185.26,34.98,31.21,5,1,0,146.02
dairy,21.31,61.5,18.69,56.3,4,0,0,50.0
meat,36.03,164.5,32.52,80.12,1,0,0,187.34
dairy,4.12,121.01,7.19,64.34,5,1,0,141.22
vegetable,74.88,136.77,49.61,74.19,5,1,0,151.6
fruit,66.78,21.27,34.59,89.48,6,1,0,0.0
grain,54.42,39.33,16.29,76.46,2,0,0,4.01
dairy,36.8,24.75,37.11,10.32,2,0,0,33.17
grain,29.75,183.41,13.68,45.04,2,0,0,162.02
grain,8.03,160.13,24.02,82.05,5,1,1,301.83
vegetable,49.13,175.77,37.04,62.2,5,1,0,208.39
seafood,14.7,184.24,49.92,80.25,6,1,0,303.72
fruit,45.55,167.61,48.88,88.61,5,1,0,231.65
fruit,49.21,110.96,14.06,35.62,5,1,0,103.96
fruit,65.28,156.19,12.05,76.74,5,1,0,148.97
seafood,77.74,82.79,19.87,50.33,3,0,0,33.5
grain,97.06,115.44,13.23,21.81,2,0,0,35.54
fruit,5.3,56.17,40.8,14.47,2,0,0,116.44
spice,1.92,166.79,11.42,37.86,3,0,0,119.88
spice,49.71,163.78,26.17,95.41,1,0,0,124.3
vegetable,96.92,125.65,22.97,68.05,2,0,0,62.42
seafood,56.78,17.97,12.95,87.85,6,1,0,0.0
grain,82.57,142.58,8.7,47.64,2,0,0,57.21
seafood,44.82,124.19,19.73,80.29,5,1,0,142.72
grain,83.77,39.02,8.73,67.76,2,0,1,0.0
fruit,36.32,64.56,27.53,51.04,6,1,0,89.22
fruit,97.29,60.66,37.22,45.48,5,1,0,12.24
vegetable,0.1,124.03,17.78,89.25,1,0,0,133.66
spice,58.15,41.96,24.11,51.49,4,0,1,13.01
seafood,52.02,142.25,47.4,26.12,6,1,0,229.66
fruit,80.59,35.12,37.13,49.19,0,0,0,0.0
dairy,48.72,77.53,16.32,72.52,4,0,0,51.78
meat,83.59,164.77,29.01,22.7,2,0,0,128.79
grain,60.01,145.08,18.67,55.85,1,0,0,88.36
grain,76.66,146.65,44.68,67.56,6,1,0,161.04
seafood,80.79,41.76,36.43,80.22,0,0,0,5.06
grain,22.39,188.84,31.96,99.29,3,0,0,224.69
fruit,76.42,120.69,8.2,90.29,4,0,0,66.15
meat,5.41,123.4,24.25,39.76,2,0,1,270.95
seafood,47.9,29.87,32.56,76.42,3,0,0,23.43
spice,86.54,66.34,12.17,49.19,3,0,0,0.0
seafood,58.34,152.5,27.95,19.43,1,0,0,103.9
dairy,19.04,188.78,28.45,99.75,3,0,0,230.95
seafood,39.18,68.91,16.32,40.91,2,0,0,52.87
fruit,44.93,134.03,43.53,35.84,6,1,0,196.87
seafood,89.44,11.87,35.5,52.94,3,0,0,0.0
seafood,48.19,116.99,31.72,67.57,0,0,0,107.89
dairy,33.47,44.94,35.61,15.1,4,0,0,56.07
meat,40.38,49.47,34.19,88.41,6,1,0,81.31
seafood,53.66,152.86,11.3,41.34,2,0,0,97.86
grain,13.45,42.83,21.09,36.17,3,0,1,70.35
meat,30.34,145.73,7.5,53.99,5,1,0,162.18
meat,36.4,192.29,24.98,77.96,0,0,0,205.28
dairy,57.19,179.92,26.38,95.06,3,0,0,157.12
vegetable,99.26,139.08,47.15,84.43,6,1,0,164.66
grain,38.24,187.57,24.45,58.49,1,0,0,169.23
vegetable,88.2,94.43,31.5,22.53,1,0,0,52.37
vegetable,41.35,97.74,16.54,75.49,0,0,0,86.27
seafood,95.07,123.58,5.67,41.76,5,1,0,50.24
fruit,38.77,52.96,43.1,37.77,3,0,0,74.06
spice,7.15,16.17,38.51,22.0,3,0,0,37.99
meat,4.98,60.1,7.93,43.2,2,0,0,93.38
meat,55.5,64.57,47.31,78.59,1,0,0,82.79
fruit,28.51,47.13,5.5,31.81,5,1,0,38.56
spice,37.25,96.59,12.97,67.06,0,0,0,50.04
meat,75.66,126.0,21.39,28.89,2,0,0,68.58
dairy,77.72,53.51,28.7,50.64,2,0,0,10.54
grain,86.77,95.7,5.69,48.38,1,0,0,12.81
fruit,3.06,63.83,27.44,14.06,5,1,0,139.68
spice,97.68,150.55,16.35,33.45,0,0,0,49.41
dairy,99.96,104.19,39.71,10.2,2,0,0,42.52
fruit,66.79,163.21,12.39,49.83,5,1,1,259.03
dairy,36.07,137.17,33.47,30.9,2,0,0,148.39
fruit,50.91,92.32,21.96,73.65,0,0,0,67.1
seafood,1.86,142.85,34.02,46.97,2,0,0,150.26
seafood,65.79,22.14,12.47,37.09,2,0,0,0.0
dairy,25.62,58.38,47.7,67.19,6,1,0,131.57
grain,66.65,35.6,23.36,19.61,0,0,0,0.0
dairy,18.42,30.23,48.62,27.97,6,1,0,95.8
spice,54.9,161.36,6.97,61.03,5,1,0,116.68
vegetable,79.91,109.31,29.75,18.74,6,1,0,92.35
meat,93.78,20.19,27.54,43.75,4,0,0,0.0
spice,70.87,35.54,41.63,64.55,1,0,0,9.81
grain,10.81,106.24,8.86,97.26,2,0,0,104.87
meat,6.58,128.21,31.33,35.28,1,0,0,199.02
dairy,44.97,113.31,9.51,93.89,2,0,0,65.99
grain,51.37,141.96,7.5,35.61,1,0,0,100.82
meat,85.55,27.46,42.55,42.47,3,0,0,0.0
seafood,58.88,160.07,34.53,64.79,4,0,0,131.77
seafood,41.45,170.01,15.35,10.51,5,1,0,171.57
dairy,7.67,30.21,27.28,64.83,5,1,0,69.01
meat,59.49,71.72,6.14,77.51,0,0,0,21.74
grain,37.15,49.69,39.88,48.98,6,1,0,64.75
fruit,19.81,14.9,5.91,66.01,5,1,0,3.35
dairy,99.97,42.59,39.72,30.11,3,0,0,0.0
dairy,85.88,86.68,36.61,60.14,3,0,0,53.83
meat,35.39,179.38,12.46,23.46,5,1,0,232.36
grain,19.46,84.24,47.6,32.2,3,0,0,117.45
grain,31.7,143.81,16.38,78.29,4,0,0,117.6
spice,40.02,141.08,45.77,21.77,1,0,0,121.7
dairy,68.9,43.24,31.84,85.21,6,1,0,19.31
spice,25.72,117.18,28.99,22.41,1,0,0,90.5
meat,64.15,176.61,35.42,42.13,3,0,0,158.11
fruit,96.03,58.2,44.37,93.17,3,0,0,16.04
dairy,46.03,117.63,11.72,52.22,5,1,0,119.39
grain,27.29,10.47,23.71,75.55,5,1,0,14.65
grain,92.41,157.31,30.85,72.61,6,1,0,102.75
vegetable,36.84,145.48,6.81,44.78,6,1,0,179.78
vegetable,86.58,35.11,31.8,50.44,0,0,0,0.0
spice,37.23,30.55,16.32,34.48,4,0,0,8.91
fruit,22.45,114.89,21.08,96.94,1,0,0,124.62
fruit,79.51,12.52,29.65,76.9,4,0,0,0.0
seafood,44.0,99.34,39.62,19.47,6,1,0,113.94
spice,74.17,149.55,26.18,29.03,6,1,0,105.75
fruit,5.97,198.64,8.24,14.14,6,1,0,305.32
fruit,31.87,87.88,33.53,12.17,1,0,0,93.3
grain,95.31,90.45,12.76,83.41,0,0,0,9.95
spice,43.93,151.76,14.22,43.4,3,0,0,90.02
vegetable,39.91,95.11,43.31,79.81,2,0,0,127.51
fruit,94.01,82.64,25.11,33.04,1,0,0,19.89
grain,1.42,158.6,41.55,24.58,2,0,0,224.07
meat,23.96,128.06,13.03,78.12,1,0,0,126.91
seafood,90.22,12.26,27.43,41.5,5,1,0,0.0
spice,6.49,128.93,23.76,66.02,6,1,0,142.31
grain,37.23,63.21,17.32,25.72,5,1,0,55.57
vegetable,63.38,118.12,22.22,39.32,2,0,0,78.54
vegetable,74.44,168.53,20.82,15.66,0,0,0,143.42
seafood,83.52,72.15,26.96,94.7,3,0,0,22.14
meat,90.17,183.94,39.95,30.55,6,1,0,236.05
fruit,14.15,144.97,34.75,13.96,6,1,0,264.43
dairy,6.56,86.27,39.42,92.37,6,1,0,171.28
spice,84.2,11.97,33.64,45.45,2,0,0,0.0
dairy,3.11,97.67,25.82,58.94,2,0,0,120.65
fruit,87.43,42.49,24.16,26.85,4,0,0,0.0
fruit,85.22,115.22,37.3,90.73,6,1,0,110.2
fruit,57.02,79.54,42.31,45.98,5,1,0,114.02
seafood,25.09,122.82,14.36,39.15,4,0,0,97.21
fruit,53.29,154.23,39.34,69.79,6,1,0,189.23
seafood,24.46,155.45,8.11,23.26,5,1,1,247.58
fruit,63.37,52.24,7.4,65.36,1,0,0,0.0
spice,47.51,52.55,43.39,32.86,6,1,0,60.52
vegetable,30.88,87.93,20.64,20.48,3,0,0,93.95
spice,80.25,149.97,18.38,15.27,2,0,0,59.42
meat,73.12,136.22,10.88,67.59,1,0,0,82.32
vegetable,83.69,15.25,42.53,22.63,4,0,0,0.0
vegetable,16.47,117.51,19.07,26.04,6,1,0,209.35
dairy,36.31,190.8,47.58,23.04,4,0,0,224.02
spice,39.28,10.83,17.32,63.79,3,0,0,0.0
seafood,36.09,13.32,13.66,77.72,2,0,0,0.0
vegetable,55.79,58.24,11.26,29.71,5,1,0,20.36
grain,45.01,151.42,26.01,30.5,3,0,0,121.45
dairy,75.55,124.96,35.99,35.41,4,0,0,95.97
grain,31.17,198.21,25.03,67.07,6,1,0,230.02
dairy,26.92,95.24,44.74,97.35,1,0,0,125.52
vegetable,50.6,85.74,10.38,47.5,5,1,0,83.81
vegetable,8.79,139.79,31.12,63.51,3,0,0,166.0
fruit,44.63,142.01,8.58,63.51,4,0,0,128.89
grain,36.99,95.31,19.85,82.74,4,0,0,74.16
seafood,42.62,73.13,45.53,18.9,5,1,0,125.6
meat,95.98,130.28,29.94,73.48,6,1,0,114.19
seafood,52.24,91.84,34.17,42.79,3,0,0,71.51
meat,56.1,37.09,30.05,38.73,0,0,0,20.88
spice,68.64,50.35,43.59,15.27,2,0,0,24.93
vegetable,43.31,143.56,13.22,64.89,6,1,0,149.98
grain,38.91,115.95,30.95,24.9,2,0,0,104.71
dairy,40.09,154.61,26.71,94.63,6,1,1,288.69
vegetable,54.7,20.13,22.94,34.37,4,0,0,0.0
dairy,32.39,107.68,44.59,41.97,1,0,0,129.05
seafood,62.12,10.67,46.9,42.53,4,0,0,4.37
grain,37.82,162.75,41.0,94.22,1,0,0,158.59
meat,33.67,57.96,30.94,96.75,0,0,1,102.51
grain,11.94,158.79,20.75,30.19,1,0,0,194.41
seafood,83.28,33.09,41.45,53.31,0,0,0,0.0
vegetable,50.92,189.56,29.67,95.79,6,1,0,263.38
seafood,52.46,52.32,20.19,54.13,6,1,0,34.44
vegetable,25.37,175.26,24.44,82.75,4,0,0,172.42
seafood,75.44,62.45,24.96,17.83,6,1,0,22.9
fruit,15.16,132.96,46.28,71.19,5,1,0,237.05
seafood,71.51,131.52,34.87,47.28,6,1,0,132.42
dairy,67.87,99.83,45.49,40.25,0,0,0,83.57
meat,13.07,50.86,34.53,44.65,0,0,0,103.52
meat,70.33,179.34,33.61,94.4,6,1,0,251.77
meat,20.65,194.27,6.13,80.72,5,1,0,275.86
meat,69.96,65.74,41.86,16.3,6,1,0,62.29
meat,48.56,75.15,23.83,93.61,1,0,0,81.59
dairy,69.92,14.27,43.54,72.5,3,0,0,0.0
fruit,50.46,178.25,44.9,12.18,6,1,0,258.87
grain,67.84,64.38,16.35,44.31,4,0,0,15.32
meat,45.59,164.63,22.13,58.46,3,0,0,176.98
vegetable,21.58,18.28,18.74,72.62,0,0,0,20.25
vegetable,39.68,89.05,12.75,20.43,2,0,0,67.25
vegetable,8.03,178.53,13.93,77.37,4,0,0,191.6
vegetable,9.81,94.91,38.03,25.59,4,0,0,142.99
meat,88.51,18.54,12.56,20.57,6,1,0,0.0
seafood,66.11,73.23,22.2,63.5,6,1,0,43.82
meat,85.63,32.32,36.03,46.8,0,0,0,0.0
spice,25.27,69.17,10.45,87.82,2,0,0,40.97
grain,56.94,87.99,13.66,77.06,1,0,0,42.66
seafood,30.68,100.29,25.22,73.77,1,0,0,88.92
vegetable,71.41,65.6,19.5,49.42,0,0,0,22.34
vegetable,39.93,106.5,41.46,85.52,5,1,0,159.23
grain,69.43,31.24,30.44,32.38,6,1,0,0.0
dairy,1.02,14.21,5.38,19.93,5,1,0,29.46
dairy,98.68,68.14,10.73,59.1,1,0,0,0.0
vegetable,71.49,148.34,34.99,88.37,0,0,0,117.48
fruit,64.16,165.46,5.25,99.28,6,1,0,178.03
dairy,47.68,35.19,22.78,25.94,5,1,0,19.64
fruit,99.32,199.01,10.17,75.34,4,0,0,135.83
grain,16.17,55.7,28.2,61.27,4,0,0,60.71
grain,9.24,91.74,31.4,91.86,6,1,0,126.94
seafood,24.33,176.72,13.96,80.83,5,1,0,191.95
fruit,83.91,150.54,44.18,67.06,5,1,0,187.0
seafood,52.67,78.66,33.17,12.75,5,1,0,87.46
seafood,93.53,79.35,28.94,95.87,3,0,0,20.73
grain,79.29,61.87,33.19,84.51,1,0,0,18.08
spice,58.46,197.85,32.09,80.71,4,0,0,103.95
grain,82.56,187.99,41.14,48.4,0,0,0,125.35
grain,49.06,51.17,12.64,10.01,2,0,0,18.66
dairy,67.47,20.57,10.58,54.93,0,0,0,0.0
spice,6.7,180.19,36.13,20.95,2,0,1,209.57
seafood,95.73,199.15,37.87,30.48,5,1,0,227.33
spice,60.33,48.6,46.38,92.34,3,0,0,31.02
seafood,84.22,166.38,15.39,18.86,3,0,0,94.65
spice,87.09,10.78,5.95,51.93,1,0,0,0.0
seafood,44.0,82.07,39.72,56.61,4,0,0,86.78
fruit,91.59,62.77,13.46,33.52,5,1,0,0.0
spice,32.73,35.87,12.04,71.55,2,0,0,13.53
dairy,84.44,170.53,19.82,17.92,4,0,0,110.01
grain,89.81,160.68,29.59,47.99,0,0,0,103.86
vegetable,9.5,70.95,22.42,66.03,2,0,0,93.53
grain,46.79,62.26,11.38,10.34,3,0,0,26.01
fruit,39.17,121.96,17.41,25.77,6,1,0,155.74
fruit,97.76,10.88,44.32,37.66,5,1,0,0.0
grain,65.43,25.21,15.9,79.63,2,0,0,0.0
spice,95.98,72.54,44.87,86.29,0,0,0,21.55
vegetable,7.27,168.98,12.85,16.37,6,1,0,235.95
grain,2.63,81.58,36.31,32.73,0,0,0,109.24
vegetable,95.81,51.19,7.2,36.32,3,0,0,0.0
meat,64.26,97.04,40.65,12.17,5,1,0,130.73
grain,99.34,138.97,15.43,19.74,1,0,0,53.85
fruit,50.99,164.06,24.67,21.15,5,1,0,214.4
fruit,79.3,119.95,34.11,93.75,1,0,0,101.22
seafood,32.3,98.12,23.68,23.42,2,0,0,74.92
seafood,87.53,45.98,29.65,12.16,5,1,0,0.0
meat,20.15,163.44,7.42,16.27,4,0,0,185.26
fruit,74.55,130.5,39.76,39.22,2,0,0,108.72
meat,90.0,19.46,20.76,20.68,1,0,1,0.0
meat,30.18,171.04,39.15,36.74,4,0,1,344.1
fruit,99.56,24.56,26.29,82.19,5,1,0,0.0
grain,34.9,96.23,31.77,97.65,1,0,0,85.66
meat,63.16,70.37,15.45,89.09,5,1,0,48.23
fruit,3.56,162.86,32.7,19.08,1,0,1,295.27
vegetable,45.32,39.69,48.09,80.09,0,0,0,60.25
vegetable,42.33,185.42,8.28,82.29,0,0,0,193.64
fruit,15.4,81.6,33.27,59.25,3,0,0,117.94
grain,61.4,173.56,38.89,59.81,5,1,0,181.82
vegetable,66.44,139.42,6.71,64.5,6,1,0,108.9
seafood,27.79,179.16,29.75,47.21,0,0,0,191.01
seafood,51.03,92.42,31.7,31.01,0,0,0,84.53
spice,31.12,95.44,41.26,24.55,4,0,0,87.86
spice,65.86,195.33,44.25,87.56,0,0,0,119.52
dairy,23.26,127.21,27.91,99.24,2,0,0,128.64
meat,68.25,29.3,19.78,16.77,0,0,0,0.0
vegetable,48.53,159.11,26.85,40.19,0,0,0,150.77
spice,97.72,31.15,14.55,52.58,3,0,0,0.0
fruit,89.82,73.41,49.64,19.25,3,0,0,43.55
spice,11.34,16.3,9.7,28.85,6,1,0,15.7
vegetable,21.26,81.2,5.35,72.43,5,1,0,107.71
grain,99.02,130.22,15.89,49.31,3,0,0,56.38
grain,6.85,42.03,40.61,68.35,5,1,0,88.34
fruit,74.08,124.28,35.22,45.02,2,0,0,114.12
dairy,21.39,89.39,18.13,78.86,1,0,0,83.48
vegetable,42.75,87.96,49.48,52.28,2,0,1,146.18
seafood,49.11,123.84,9.31,44.46,2,0,0,96.24
seafood,98.92,178.87,19.76,48.06,4,0,0,88.22
fruit,67.97,76.73,19.12,71.58,6,1,0,41.24
seafood,97.01,92.02,48.62,22.63,6,1,0,53.39
grain,27.26,119.88,36.53,68.92,4,0,0,121.32
grain,83.08,87.67,36.18,28.0,4,0,0,44.72
spice,84.59,189.62,43.91,16.04,0,0,0,116.56
vegetable,22.58,113.94,47.98,54.7,1,0,0,145.94
meat,14.53,98.13,39.87,40.36,3,0,0,157.65
meat,83.06,77.54,17.67,85.68,4,0,0,17.27
dairy,37.0,64.11,46.03,77.58,5,1,0,123.15
seafood,31.29,119.09,27.53,54.06,0,0,0,138.72
vegetable,45.13,192.12,16.74,71.45,2,0,0,172.83
spice,58.55,150.05,5.17,33.45,4,0,0,71.0
seafood,41.12,61.07,49.94,16.45,2,0,0,73.99
grain,65.49,177.22,14.63,97.48,1,0,0,120.55
dairy,85.32,145.85,36.07,59.19,4,0,0,107.76
dairy,57.06,94.04,30.04,56.58,5,1,0,87.89
seafood,4.91,178.44,30.3,32.69,6,1,0,245.24
fruit,26.52,34.58,28.0,23.83,6,1,0,56.38
meat,57.67,166.99,6.91,47.78,3,0,0,133.06
grain,35.83,26.31,37.85,88.4,4,0,0,35.25
spice,79.74,132.26,40.17,48.89,1,0,0,71.6
grain,45.39,50.31,14.09,87.33,0,0,0,17.48
grain,40.09,91.86,7.58,50.94,6,1,0,68.36
grain,45.78,14.81,30.67,55.61,1,0,0,5.51
spice,32.34,108.08,36.49,18.46,6,1,0,118.78
fruit,76.55,169.61,41.3,11.49,4,0,0,133.98
fruit,93.7,52.72,26.07,32.55,5,1,0,0.0
seafood,98.88,158.76,8.21,88.52,6,1,0,79.52
fruit,34.17,98.26,45.33,34.53,4,0,0,114.7
grain,95.46,73.28,30.43,46.33,3,0,0,13.48
spice,53.71,171.39,7.23,90.03,2,0,0,84.52
spice,30.64,99.3,5.88,76.02,3,0,0,51.58
dairy,11.47,198.43,18.61,67.15,4,0,0,224.55
meat,38.25,88.12,35.27,80.59,5,1,0,157.75
meat,28.52,181.12,10.89,69.36,2,0,0,164.63
spice,9.87,118.65,9.31,24.43,0,0,0,92.76
grain,90.69,23.66,33.55,71.59,2,0,0,0.0
meat,39.09,27.04,33.15,54.57,6,1,0,44.82
seafood,80.17,133.41,26.05,61.82,3,0,0,82.83
vegetable,59.88,187.8,39.98,23.68,2,0,0,218.65
fruit,27.87,182.78,34.22,17.35,3,0,0,223.78
fruit,85.96,188.72,14.08,37.88,5,1,0,182.14
fruit,91.47,119.27,38.22,54.11,2,0,0,76.99
spice,21.53,147.16,41.48,47.07,0,0,0,119.42
meat,67.84,155.16,49.64,41.09,6,1,0,225.25
meat,39.46,44.17,17.83,50.95,6,1,0,39.6
grain,73.6,11.49,29.27,81.44,2,0,0,0.0
dairy,44.58,75.85,42.62,78.26,1,0,0,95.39
seafood,7.18,27.91,31.23,14.65,5,1,0,70.1
spice,16.7,52.33,10.76,49.63,6,1,0,46.23
seafood,37.38,170.75,32.8,77.65,6,1,0,259.25
fruit,55.99,142.17,10.33,32.56,4,0,0,114.98
meat,28.41,149.26,9.89,77.69,0,0,0,167.29
dairy,60.99,87.28,19.24,67.64,6,1,0,63.76
meat,91.6,157.91,7.54,57.26,1,0,0,80.08
grain,90.71,142.66,46.68,83.03,1,0,0,101.01
meat,30.61,51.38,19.72,66.56,1,0,1,80.95
seafood,58.86,185.4,38.66,69.98,5,1,0,241.17
vegetable,18.66,179.99,16.18,18.22,5,1,0,270.2
dairy,5.44,134.76,42.67,43.6,1,0,0,197.68
meat,32.54,38.64,32.93,47.79,4,0,0,50.0
seafood,35.92,146.36,32.51,26.07,5,1,0,173.04
spice,41.94,43.87,46.6,78.61,4,0,0,41.72
seafood,25.04,113.11,40.96,13.26,5,1,0,162.44
meat,35.92,65.62,12.85,81.24,4,0,0,57.46
spice,48.11,138.06,24.57,60.29,0,0,0,77.32
spice,76.51,40.13,31.67,90.66,2,0,0,0.96
meat,10.06,85.36,27.83,99.63,6,1,0,181.79
seafood,37.61,48.06,23.63,65.26,0,0,0,35.47
grain,37.55,31.04,20.86,25.62,5,1,0,20.71
grain,55.66,50.51,35.96,96.37,4,0,0,34.98
vegetable,97.12,159.4,29.42,96.11,6,1,0,155.15
meat,53.76,103.46,41.11,70.34,0,0,0,105.8
seafood,29.15,32.28,34.42,86.59,4,0,1,62.5
spice,78.11,36.54,43.39,46.0,4,0,0,8.65
fruit,6.18,115.8,12.71,96.9,2,0,0,149.85
vegetable,90.73,128.67,18.62,36.65,1,0,0,65.29
vegetable,31.08,191.19,40.26,69.39,1,0,0,222.67
grain,97.85,81.26,9.81,54.44,3,0,0,0.0
seafood,27.15,17.4,43.15,87.75,4,0,0,36.75
meat,81.31,159.4,45.05,59.75,3,0,0,181.09
meat,49.98,83.64,32.59,15.04,6,1,0,107.56
spice,21.35,91.01,47.28,48.57,3,0,0,94.6
fruit,81.75,111.41,20.23,69.22,5,1,0,62.78
spice,5.66,42.28,17.84,35.44,6,1,0,47.33
grain,31.0,110.3,14.72,89.6,2,0,0,92.86
fruit,84.94,127.01,18.15,47.87,1,0,0,73.82
fruit,99.82,10.67,6.24,84.15,1,0,0,0.0
meat,23.71,90.96,37.88,66.19,6,1,0,181.59
fruit,16.09,130.21,7.36,36.39,6,1,0,159.67
grain,6.53,94.3,43.28,16.9,6,1,0,163.22
grain,77.84,113.21,42.45,20.04,0,0,0,76.16
meat,15.53,16.44,49.54,53.4,0,0,1,111.51
spice,84.66,88.8,6.63,38.93,5,1,0,9.59
fruit,41.43,195.66,31.2,88.02,2,0,0,183.06
dairy,4.0,48.16,13.37,32.93,1,0,0,67.46
fruit,29.94,71.42,16.72,77.75,4,0,0,75.04
seafood,54.33,195.41,21.52,28.69,3,0,0,174.34
seafood,83.44,38.54,34.64,23.55,4,0,0,0.0
seafood,38.5,56.76,30.98,47.6,1,0,0,52.55
grain,70.75,195.19,15.49,79.58,5,1,0,171.56
vegetable,52.96,177.7,47.5,19.05,4,0,0,211.89
meat,27.04,141.61,16.41,42.07,1,0,0,191.65
spice,0.41,75.16,48.6,72.55,0,0,0,91.75
fruit,35.61,42.27,9.78,91.61,1,0,0,19.93
dairy,35.21,91.44,42.09,78.96,0,0,0,107.52
meat,83.56,13.46,41.1,95.22,0,0,0,0.0
vegetable,58.18,109.19,19.89,58.82,6,1,0,107.68
seafood,14.68,141.54,46.01,55.14,5,1,0,242.51
seafood,92.49,171.07,21.95,61.65,1,0,0,91.89
seafood,71.03,138.8,20.9,82.77,2,0,0,85.67
seafood,53.92,107.0,12.17,43.5,0,0,0,66.17
dairy,4.52,10.36,20.78,31.73,1,0,0,26.78
seafood,14.03,112.15,31.69,58.91,1,0,0,139.14
spice,53.7,182.51,7.63,62.95,1,0,0,77.24
vegetable,21.94,149.5,39.09,47.73,4,0,1,254.23
fruit,9.32,18.73,10.02,26.84,4,0,0,23.27
grain,95.49,192.19,42.69,42.74,6,1,0,160.89
fruit,8.1,70.14,48.48,23.78,2,0,0,132.29
fruit,30.64,105.16,15.43,58.77,5,1,0,130.45
seafood,90.44,26.24,14.75,86.0,3,0,0,0.0
vegetable,66.51,169.53,21.22,48.42,1,0,0,140.35
meat,0.59,83.74,17.49,61.33,1,0,0,140.5
vegetable,20.75,92.27,34.1,34.47,3,0,1,180.77
seafood,93.79,110.56,5.45,40.46,1,0,0,20.56
vegetable,27.26,106.45,19.2,99.2,2,0,0,126.52
fruit,89.65,168.84,7.11,95.3,6,1,0,115.17
meat,71.69,120.43,48.14,11.93,4,0,0,142.61
fruit,86.23,41.9,19.71,25.52,6,1,0,0.0
grain,14.34,181.28,12.85,41.76,0,0,0,132.32
spice,79.02,162.41,37.38,11.99,6,1,0,118.95
dairy,54.93,10.25,19.57,29.79,0,0,0,0.0
meat,9.28,108.19,14.61,58.28,4,0,0,152.17
fruit,92.73,187.06,28.07,37.52,4,0,0,126.21
grain,22.77,28.79,24.5,21.35,0,0,0,37.72
vegetable,67.38,186.27,20.64,39.62,5,1,0,219.18
vegetable,65.16,168.13,25.67,71.16,2,0,0,143.58
meat,93.89,158.28,46.46,37.55,1,0,0,159.42
fruit,5.53,163.88,49.29,84.16,4,0,0,231.85
meat,66.7,94.94,47.03,86.88,0,0,0,87.94
vegetable,67.62,53.85,40.6,63.22,1,0,0,32.54
meat,3.22,180.21,34.34,76.38,1,0,0,228.76
spice,58.85,112.07,40.36,60.03,0,0,0,77.6
meat,81.31,188.69,20.11,57.69,1,0,0,160.21
dairy,44.6,68.64,32.33,26.66,2,0,0,60.82
seafood,23.11,178.91,7.47,25.9,1,0,0,187.24
seafood,73.05,88.03,17.58,64.88,3,0,0,33.04
seafood,76.77,180.16,20.95,95.63,1,0,0,112.24
spice,69.98,49.06,8.21,75.37,2,0,1,0.0
seafood,28.5,148.8,17.46,74.32,1,0,0,148.31
spice,14.28,48.95,35.87,60.42,0,0,0,51.27
fruit,95.99,73.66,40.03,86.99,0,0,0,23.68
meat,74.77,183.45,38.97,30.44,6,1,0,271.83
spice,64.76,10.69,16.42,54.45,4,0,0,0.0
seafood,70.51,113.27,28.66,36.28,2,0,0,77.95
spice,65.78,120.41,28.85,85.91,0,0,0,61.28
fruit,46.56,199.94,22.49,44.83,0,0,0,203.83
fruit,19.21,160.75,6.54,98.43,5,1,0,200.81
vegetable,99.15,110.93,35.73,31.36,2,0,0,71.88
vegetable,44.54,145.33,21.91,93.5,1,0,0,130.33
seafood,70.9,52.94,34.54,24.78,3,0,0,28.06
fruit,79.63,73.2,31.67,54.55,2,0,0,36.93
grain,73.05,18.81,29.74,52.03,2,0,1,0.0
seafood,86.14,167.92,17.69,59.3,3,0,1,161.14
vegetable,40.43,84.8,18.62,51.46,4,0,0,61.93
seafood,30.42,99.11,44.32,14.74,0,0,0,104.3
meat,67.85,120.68,29.88,87.34,2,0,0,110.0
vegetable,21.64,162.56,22.98,27.0,4,0,0,173.49
grain,51.48,22.14,21.04,64.1,1,0,0,0.0
fruit,85.05,37.59,6.34,94.02,2,0,0,0.0
grain,78.07,69.79,26.69,97.18,3,0,0,20.71
meat,97.18,78.2,23.24,91.5,2,0,0,10.27
fruit,23.5,90.18,46.42,89.13,0,0,0,147.1
spice,5.22,188.45,13.4,27.86,0,0,0,161.91
dairy,1.84,38.11,22.02,71.54,1,0,0,63.55
dairy,32.61,35.38,27.02,77.2,3,0,1,59.08
spice,1.78,16.38,26.73,36.84,3,0,0,25.33
meat,60.93,19.18,44.25,47.61,0,0,0,12.09
spice,93.61,181.52,29.45,61.96,1,0,0,92.22
spice,47.57,132.57,30.09,67.95,3,0,0,75.44
grain,64.28,108.75,35.68,50.45,4,0,0,94.75
grain,55.69,147.44,22.18,38.72,6,1,0,157.35
vegetable,18.02,12.97,14.48,56.67,3,0,0,14.31
spice,16.4,14.93,9.05,35.79,3,0,0,6.37
meat,37.33,178.86,25.39,38.37,2,0,0,207.43
spice,78.94,44.08,30.8,98.55,6,1,0,1.78
seafood,49.05,17.56,39.34,25.17,1,0,0,17.9
spice,22.65,34.54,47.57,74.07,0,0,0,48.19
fruit,47.47,30.9,30.19,32.22,0,0,0,20.94
vegetable,18.93,50.19,30.06,80.84,1,0,0,78.95
meat,14.29,173.78,22.95,25.23,4,0,1,318.19
vegetable,31.81,191.74,40.51,75.16,4,0,0,215.75
dairy,82.79,41.09,44.2,34.5,4,0,0,12.43
seafood,31.89,198.63,35.53,75.71,2,0,0,213.07
meat,24.89,54.56,13.67,61.73,5,1,0,71.81
seafood,1.37,101.52,7.51,98.0,1,0,0,99.1
spice,48.84,15.1,36.86,44.98,0,0,0,7.85
dairy,26.32,74.24,9.83,72.75,0,0,0,66.53
dairy,21.57,58.57,18.37,79.17,6,1,0,76.71
vegetable,75.66,19.86,42.68,94.43,0,0,0,0.0
seafood,85.21,193.33,31.16,91.78,1,0,0,146.9
vegetable,12.72,85.23,17.22,36.25,1,0,0,97.79
dairy,46.45,90.59,43.24,38.08,1,0,0,122.7
seafood,84.24,83.7,33.73,94.87,4,0,0,39.27
meat,49.05,24.08,6.56,52.19,5,1,0,0.0
fruit,39.56,128.67,48.33,84.84,2,0,0,174.68
dairy,12.81,107.3,17.56,24.5,2,0,0,123.99
seafood,13.98,120.85,49.33,18.66,2,0,0,161.95
grain,7.23,176.42,28.59,46.74,2,0,0,168.27
spice,79.87,58.85,32.81,51.41,5,1,0,14.72
spice,64.32,177.62,23.1,16.0,0,0,0,89.8
dairy,48.56,98.58,34.46,19.31,4,0,0,86.6
grain,45.61,17.33,5.8,49.61,4,0,0,0.0
meat,76.07,19.17,21.72,34.57,1,0,0,0.0
grain,9.77,108.99,37.42,73.17,1,0,0,124.44
fruit,58.22,47.64,7.21,19.77,0,0,0,0.0
grain,33.47,82.03,47.04,29.17,5,1,0,115.56
meat,41.58,193.3,38.07,15.57,6,1,0,294.95
meat,65.03,49.99,36.34,37.88,1,0,0,38.09
vegetable,86.16,38.64,17.55,18.41,4,0,0,0.0
meat,91.76,24.84,24.23,57.92,0,0,0,0.0
vegetable,78.71,193.01,36.83,17.18,4,0,0,178.76
vegetable,35.07,61.94,30.98,94.02,3,0,0,60.29
dairy,33.81,151.39,39.19,68.55,1,0,0,174.56
vegetable,4.02,154.76,9.48,45.71,4,0,0,167.02
spice,57.51,15.87,14.06,34.08,4,0,0,0.0
grain,91.57,104.61,22.95,77.54,5,1,0,50.56
meat,7.44,13.97,47.82,75.21,3,0,1,97.48
spice,93.16,150.01,36.23,40.32,6,1,0,86.08
spice,59.21,112.62,27.23,56.21,5,1,0,84.73
dairy,60.57,103.0,26.99,16.98,5,1,0,117.19
grain,86.33,40.24,5.68,50.43,1,0,0,0.0
vegetable,83.32,162.45,9.5,94.06,5,1,0,114.22
spice,54.87,47.92,5.91,60.59,4,0,0,0.12
vegetable,14.67,169.78,11.58,90.22,2,0,0,195.03
dairy,32.46,161.75,14.48,59.1,3,0,0,159.09
seafood,93.14,37.76,33.46,63.37,2,0,0,0.0
vegetable,80.06,194.71,14.66,26.82,3,0,0,175.25
spice,28.16,13.78,29.35,96.09,0,0,0,15.3
vegetable,43.49,87.15,21.65,84.42,3,0,0,89.64
dairy,72.5,12.98,18.02,67.73,2,0,0,0.0
grain,10.6,188.26,6.99,77.48,1,0,0,186.92
spice,17.54,36.81,10.67,50.75,6,1,0,32.64
meat,45.88,51.09,27.23,78.04,5,1,0,64.4
fruit,24.84,154.2,10.32,43.3,5,1,0,215.98
fruit,73.19,116.58,15.1,55.92,5,1,0,103.83
dairy,6.01,194.85,25.94,93.39,2,0,0,203.59
grain,32.01,169.69,42.46,70.1,6,1,0,213.53
seafood,67.38,83.51,35.73,90.77,1,0,0,63.52
spice,12.66,164.93,46.33,80.0,0,0,0,139.82
seafood,14.08,108.93,42.31,13.59,6,1,0,203.66
fruit,45.8,152.95,40.67,30.97,3,0,0,165.14
vegetable,1.82,34.43,27.32,51.49,5,1,0,100.84
spice,22.22,37.92,30.79,97.97,6,1,0,52.33
grain,25.66,60.63,23.19,73.17,5,1,0,71.38
dairy,13.7,117.38,33.29,87.2,0,0,0,165.25
dairy,44.15,108.46,28.48,58.55,2,0,0,115.07
dairy,57.57,122.89,19.18,41.49,0,0,1,153.54
grain,27.19,106.86,12.9,82.56,6,1,0,107.74
seafood,44.07,138.52,12.89,56.19,3,0,0,115.21
seafood,42.96,111.42,47.99,36.97,3,0,0,124.39
seafood,90.13,112.75,37.35,30.28,2,0,0,62.02
dairy,35.86,96.46,6.26,44.73,4,0,0,63.39
seafood,50.62,112.28,38.42,32.26,0,0,0,102.11
dairy,2.77,36.5,30.66,76.41,2,0,0,76.85
grain,83.14,17.65,15.62,43.68,0,0,0,0.0
dairy,22.51,111.39,36.31,79.66,4,0,0,129.89
meat,47.58,134.18,11.56,26.67,1,0,0,123.44
seafood,22.66,85.08,34.42,49.42,6,1,0,150.72
dairy,86.38,33.42,43.06,39.18,6,1,0,0.0
dairy,66.31,150.69,24.84,89.95,2,0,1,183.79
fruit,49.23,180.7,13.57,98.43,2,0,0,163.11
vegetable,67.72,121.53,37.43,47.97,4,0,0,107.24
fruit,9.21,20.57,41.04,33.34,1,0,0,59.52
spice,2.2,17.65,42.22,64.69,3,0,0,43.78
seafood,76.96,192.79,40.08,88.74,2,0,0,151.96
seafood,82.02,73.69,9.3,80.65,2,0,0,2.35
seafood,34.03,123.41,46.62,92.83,5,1,0,202.37
fruit,77.55,163.68,30.68,10.95,3,0,0,145.92
spice,98.35,56.08,34.06,37.33,5,1,0,0.0
fruit,20.75,59.8,24.46,20.98,6,1,0,115.14
grain,11.01,125.87,24.95,15.22,0,0,0,104.05
spice,96.92,47.48,47.8,58.45,4,0,0,4.92
grain,70.69,17.63,29.6,17.95,1,0,0,0.0
grain,34.75,129.41,6.93,25.38,2,0,0,80.73
meat,88.63,57.25,42.64,51.29,5,1,0,34.72
meat,49.66,113.41,48.04,89.81,4,0,0,149.03
grain,37.16,47.06,10.14,76.63,4,0,1,29.17
meat,6.15,171.94,49.69,83.47,4,0,0,275.29
fruit,76.67,137.43,7.23,58.96,3,0,0,82.85
meat,7.75,163.0,11.27,47.68,4,0,0,196.91
grain,67.23,197.44,46.03,74.56,0,0,0,167.5
spice,87.0,151.79,14.86,16.47,0,0,0,59.91
grain,34.6,95.73,38.69,91.2,6,1,0,127.62
seafood,3.28,99.0,44.84,42.54,2,0,1,244.53
fruit,10.34,53.92,22.74,25.31,0,0,0,74.3
spice,93.83,12.38,37.73,37.83,3,0,0,0.0
spice,58.24,98.46,36.57,74.67,4,0,1,87.82
fruit,48.8,157.07,11.8,65.04,4,0,0,142.74
seafood,59.82,44.88,17.82,47.5,2,0,0,6.29
fruit,75.45,43.04,30.43,92.1,1,0,0,4.31
meat,44.26,114.8,10.21,46.15,4,0,0,105.85
seafood,46.83,167.26,25.3,23.42,3,0,0,143.35
vegetable,18.38,188.87,28.96,86.71,3,0,0,189.62
seafood,98.55,109.15,11.33,29.77,4,0,0,24.91
spice,77.93,77.44,49.21,26.27,4,0,0,37.62
vegetable,73.39,199.0,41.86,60.01,2,0,0,186.97
vegetable,39.65,198.27,12.02,32.82,0,0,0,185.58
dairy,42.41,107.01,13.17,96.78,6,1,0,121.82
meat,83.77,51.73,20.8,11.85,1,0,0,0.0
fruit,31.3,121.64,35.57,22.67,2,0,0,115.9
vegetable,4.52,134.12,19.13,27.29,6,1,0,222.54
spice,31.53,107.46,16.08,87.73,5,1,0,91.06
meat,26.8,81.33,44.7,95.54,4,0,0,158.13
meat,64.06,88.66,18.45,95.56,0,0,0,54.77
spice,2.91,14.39,28.24,53.58,3,0,0,37.81
vegetable,98.66,61.68,27.05,46.44,2,0,0,0.0
grain,10.86,160.43,12.68,13.3,1,0,0,144.7
grain,40.51,175.78,28.61,12.0,0,0,0,163.76
seafood,34.54,154.64,47.94,43.43,2,0,0,179.4
fruit,80.72,134.92,13.67,37.23,4,0,0,79.81
seafood,54.09,119.0,46.14,55.54,5,1,0,137.04
dairy,26.89,20.65,23.39,14.73,2,0,0,21.26
dairy,19.0,75.25,32.61,18.61,1,0,0,99.13
vegetable,91.55,171.98,31.09,56.83,1,0,0,117.21
spice,16.06,138.58,29.36,11.66,6,1,0,145.49
fruit,35.73,179.3,31.72,82.53,1,0,0,205.97
vegetable,19.86,110.09,29.17,49.58,5,1,0,199.35
spice,60.97,147.51,6.13,61.36,0,0,0,52.78
dairy,35.32,97.16,49.17,27.94,5,1,0,186.78
spice,86.85,99.69,28.14,85.22,5,1,0,47.7
grain,85.89,180.21,48.03,89.16,2,0,0,148.23
grain,73.98,112.25,8.93,93.35,2,0,0,40.92
fruit,21.07,169.02,18.05,26.8,6,1,0,280.84
seafood,96.55,163.76,47.32,22.65,1,0,0,125.33
spice,34.32,138.4,9.41,21.45,6,1,0,100.58
spice,44.33,94.88,21.32,11.52,3,0,0,55.63
spice,27.86,84.76,10.93,55.69,1,0,0,51.21
vegetable,80.38,95.88,28.36,82.94,6,1,0,71.64
seafood,76.02,43.22,20.24,30.18,0,0,0,0.0
seafood,57.94,161.65,40.4,42.81,4,0,0,141.82
vegetable,72.99,152.36,13.83,52.15,5,1,0,139.26
